,Neighborhood_Latitude,Neighborhood_Longitude,indian_Venue,indian_Venue_Latitude,indian_Venue_Longitude,Distance,Venue_Category
0,28.56401658683666,77.21029203003012,Himalaya Dhaba,28.561532603044565,77.21121466276647,290,Indian Restaurant
1,28.56401658683666,77.21029203003012,Rhythm Restro-Bar,28.560570499444633,77.20779418945312,454,Indian Restaurant
2,28.56401658683666,77.21029203003012,mann mess,28.560317,77.212707,474,Indian Restaurant
3,28.56401658683666,77.21029203003012,Sri Balaji South Indian Restaurant,28.562190933153,77.2108662407845,210,South Indian Restaurant
4,28.563916575328275,77.21642203567984,Shri vinayaka restaurant,28.563821815670977,77.2195292670618,303,Indian Restaurant
5,28.563916575328275,77.21642203567984,Ahadsons Foods- Kashmiri Wazwan,28.5606978020289,77.21824927153258,400,Indian Restaurant
6,28.563916575328275,77.21642203567984,Qureshi Kebab,28.56767019868431,77.21895102518423,485,Indian Restaurant
7,28.563916575328275,77.21642203567984,Qureshi's Kebab Corner,28.567655559834943,77.21906891938887,490,Indian Restaurant
8,28.563916575328275,77.21642203567984,The Arena,28.563862303401642,77.21973137035174,323,Multicuisine Indian Restaurant
9,28.563816287290805,77.22255201004155,Daitchi,28.56819754073076,77.22247657246882,487,Chinese Restaurant
10,28.56371572272947,77.22868195302902,Te Amo,28.562595330743655,77.22496078553377,384,Indian Restaurant
11,28.56371572272947,77.22868195302902,Te Amo Ansal Plaza,28.562683,77.22493,384,Indian Restaurant
12,28.56361488164948,77.23481186455597,Moolchand Parathe Wala,28.563551531054078,77.23429470072004,51,Indian Restaurant
13,28.56361488164948,77.23481186455597,Haldiram's,28.565236377008425,77.23816910709549,374,Indian Restaurant
14,28.56361488164948,77.23481186455597,Nizam's Kathi Kabab,28.566758665459037,77.23405175350277,357,Indian Restaurant
15,28.56361488164948,77.23481186455597,Southy,28.56289562615578,77.23812132191244,333,Indian Restaurant
16,28.56361488164948,77.23481186455597,Nizam's,28.566703265916846,77.23407420672022,351,Indian Restaurant
17,28.563513764056083,77.24094174453614,Haldiram's,28.565236377008425,77.23816910709549,332,Indian Restaurant
18,28.563513764056083,77.24094174453614,Chulha Chonkha,28.56382516618992,77.2414154006553,57,Indian Restaurant
19,28.563513764056083,77.24094174453614,The Colony Bistro,28.562757851459267,77.24445098931356,353,Café
20,28.563513764056083,77.24094174453614,Soya Express,28.561231,77.2410945,254,Indian Restaurant
21,28.563513764056083,77.24094174453614,Southy,28.56289562615578,77.23812132191244,284,Indian Restaurant
22,28.563513764056083,77.24094174453614,Nagpal Chole Bhature,28.563835809658503,77.24056328480142,51,North Indian Restaurant
23,28.563412369954516,77.24707159288327,The Colony Bistro,28.562757851459267,77.24445098931356,266,Café
24,28.563412369954516,77.24707159288327,Sagar Ratna,28.562248569150363,77.2447221437343,263,Indian Restaurant
25,28.563412369954516,77.24707159288327,Juneja Sweets,28.562387033537707,77.24449763205946,276,Indian Restaurant
26,28.563412369954516,77.24707159288327,Gopal Dhaba,28.566074811753623,77.24651260902766,301,Indian Restaurant
27,28.563412369954516,77.24707159288327,Delhicious Kitchen,28.56733722929428,77.24677079300025,437,Diner
28,28.568852943155644,77.20119453798124,Rajinder Da Dhaba,28.56526803045266,77.19913678473706,446,Indian Restaurant
29,28.568852943155644,77.20119453798124,Bengal Sweet Corner,28.566017007140655,77.19908237457275,377,Indian Restaurant
30,28.568852943155644,77.20119453798124,AYE1 Dhaba,28.565367,77.199309,429,Indian Restaurant
31,28.568753327141042,77.20732486160999,Navdanya Organic Cafe,28.57290267944336,77.20645141601562,469,Indian Restaurant
32,28.568753327141042,77.20732486160999,BijoliGrill,28.573012,77.206397,482,Indian Restaurant
33,28.568753327141042,77.20732486160999,Nagaland Cookhouse,28.573076,77.20634,490,Northeast Indian Restaurant
34,28.568653434536017,77.21345515407427,Qureishi's,28.565237045288086,77.21669006347656,494,Indian Restaurant
35,28.568653434536017,77.21345515407427,Voda Bar,28.56857997205528,77.21832990646362,476,Indian Restaurant
36,28.56855326534573,77.21958541528782,Bengali Sweets,28.569537550088498,77.22094000628562,171,Indian Restaurant
37,28.56855326534573,77.21958541528782,Moti Mahal Deluxe,28.568538860850442,77.21926835008128,31,Indian Restaurant
38,28.56855326534573,77.21958541528782,Bhel Puri,28.569345102375447,77.21971452842412,89,Indian Restaurant
39,28.56855326534573,77.21958541528782,Rang De Basanti Dhaba,28.568095688934903,77.22003452463856,67,Indian Restaurant
40,28.56855326534573,77.21958541528782,Pind Balluchi,28.569525094427163,77.22430105801577,473,Indian Restaurant
41,28.56855326534573,77.21958541528782,Daitchi,28.56819754073076,77.22247657246882,285,Chinese Restaurant
42,28.568452819575402,77.22571564516436,Bengali Sweets,28.569537550088498,77.22094000628562,482,Indian Restaurant
43,28.568452819575402,77.22571564516436,Al Jawahar,28.568823,77.22578,41,Indian Restaurant
44,28.568452819575402,77.22571564516436,Pind Balluchi,28.569525094427163,77.22430105801577,182,Indian Restaurant
45,28.568452819575402,77.22571564516436,Chicken Inn,28.568674821514662,77.22988661543643,408,Indian Restaurant
46,28.568452819575402,77.22571564516436,Kathi's,28.567702153271934,77.22124713400824,444,Indian Restaurant
47,28.568452819575402,77.22571564516436,Daitchi,28.56819754073076,77.22247657246882,317,Chinese Restaurant
48,28.568352097230232,77.23184584361759,Nizam's Kathi Kabab,28.566758665459037,77.23405175350277,279,Indian Restaurant
49,28.568352097230232,77.23184584361759,Nizam's,28.566703265916846,77.23407420672022,284,Indian Restaurant
50,28.568251098315454,77.23797601056127,Bikanervala,28.57099184505776,77.23913167574396,325,Indian Restaurant
51,28.568251098315454,77.23797601056127,Haldiram's,28.565236377008425,77.23816910709549,336,Indian Restaurant
52,28.568251098315454,77.23797601056127,Nizam's Kathi Kabab,28.566758665459037,77.23405175350277,418,Indian Restaurant
53,28.568251098315454,77.23797601056127,Goli Vada Pao,28.570170763838068,77.23980524015442,278,Indian Restaurant
54,28.568251098315454,77.23797601056127,Bikanerwala,28.570990319917385,77.23912125148715,324,Indian Restaurant
55,28.568251098315454,77.23797601056127,Nizam's,28.566703265916846,77.23407420672022,418,Indian Restaurant
56,28.568149822836315,77.2441061459091,Beliram Decchiwala,28.56891632080078,77.24746942520142,339,Indian Restaurant
57,28.568149822836315,77.2441061459091,Goli Vada Pao,28.570170763838068,77.23980524015442,476,Indian Restaurant
58,28.568048270798066,77.25023624957481,Beliram Decchiwala,28.56891632080078,77.24746942520142,287,Indian Restaurant
59,28.568048270798066,77.25023624957481,Sethi Caterers & Restaurant,28.56797095936389,77.2468030221079,335,Indian Restaurant
60,28.568048270798066,77.25023624957481,Gopal Dhaba,28.566074811753623,77.24651260902766,425,Indian Restaurant
61,28.568048270798066,77.25023624957481,Delhicious Kitchen,28.56733722929428,77.24677079300025,347,Diner
62,28.56794644220599,77.25636632147214,Indian Accent,28.57042284894989,77.2567533800153,278,Indian Restaurant
63,28.56794644220599,77.25636632147214,The Manor Hotel,28.57045905048506,77.25679070551244,282,Hotel
64,28.56794644220599,77.25636632147214,In-Q - The Manor,28.570335,77.256656,267,Indian Restaurant
65,28.573688731440953,77.19209618558294,Rdbd Rang de Basanti Dhaba,28.576552126905252,77.19525190451647,443,Indian Restaurant
66,28.573688731440953,77.19209618558294,Haldiram's,28.576374358811357,77.19526594231465,430,Indian Restaurant
67,28.573688731440953,77.19209618558294,Rang De Basanti Dhaba,28.576022679658717,77.1950497594198,388,Indian Restaurant
68,28.573688731440953,77.19209618558294,Southy,28.569563954836145,77.19223092243284,459,Indian Restaurant
69,28.573688731440953,77.19209618558294,Sagar Ratna,28.576366,77.195145,421,South Indian Restaurant
70,28.573688731440953,77.19209618558294,Rollmaal,28.5761044253763,77.19531928613874,414,Maharashtrian Restaurant
71,28.573589511090866,77.19822682707883,Rdbd Rang de Basanti Dhaba,28.576552126905252,77.19525190451647,439,Indian Restaurant
72,28.573589511090866,77.19822682707883,Haldiram's,28.576374358811357,77.19526594231465,424,Indian Restaurant
73,28.573589511090866,77.19822682707883,Rang De Basanti Dhaba,28.576022679658717,77.1950497594198,412,Indian Restaurant
74,28.573589511090866,77.19822682707883,Amar Jyoti Restaurant,28.577417293433125,77.19666129546995,452,Indian Restaurant
75,28.573490014089,77.20435743753386,Curry Leaf,28.57323045176796,77.20278156370463,156,Indian Restaurant
76,28.573490014089,77.20435743753386,BijoliGrill,28.573012,77.206397,206,Indian Restaurant
77,28.573490014089,77.20435743753386,Bhoj Bhaat,28.573511,77.206529,212,Indian Restaurant
78,28.573490014089,77.20435743753386,Navdanya Organic Cafe,28.57290267944336,77.20645141601562,214,Indian Restaurant
79,28.573490014089,77.20435743753386,Paamna Restaurant,28.573417,77.206851,243,Indian Restaurant
80,28.573490014089,77.20435743753386,Darbar-E-Awadh,28.573463439941406,77.20687866210938,246,Indian Restaurant
81,28.573490014089,77.20435743753386,Wah Delhi,28.57359745463024,77.20698695918355,257,Indian Restaurant
82,28.573490014089,77.20435743753386,Momo Mia,28.573299089586502,77.20695327169587,254,Northeast Indian Restaurant
83,28.573490014089,77.20435743753386,Nagaland Cookhouse,28.573076,77.20634,199,Northeast Indian Restaurant
84,28.573390240440528,77.21048801686173,Appus Hotel,28.575048,77.21011,188,Indian Restaurant
85,28.573390240440528,77.21048801686173,Kerala Hotel,28.574072854821548,77.20992893347261,93,Indian Restaurant
86,28.573390240440528,77.21048801686173,Wah Delhi,28.57359745463024,77.20698695918355,343,Indian Restaurant
87,28.573390240440528,77.21048801686173,Darbar-E-Awadh,28.573463439941406,77.20687866210938,352,Indian Restaurant
88,28.573390240440528,77.21048801686173,Paamna Restaurant,28.573417,77.206851,355,Indian Restaurant
89,28.573390240440528,77.21048801686173,Bhoj Bhaat,28.573511,77.206529,387,Indian Restaurant
90,28.573390240440528,77.21048801686173,Navdanya Organic Cafe,28.57290267944336,77.20645141601562,398,Indian Restaurant
91,28.573390240440528,77.21048801686173,BijoliGrill,28.573012,77.206397,402,Indian Restaurant
92,28.573390240440528,77.21048801686173,Momo Mia,28.573299089586502,77.20695327169587,345,Northeast Indian Restaurant
93,28.573390240440528,77.21048801686173,Nagaland Cookhouse,28.573076,77.20634,407,Northeast Indian Restaurant
94,28.57329019015063,77.21661856497613,No. 1 Uncle’s Parantha,28.570341,77.21969,444,Indian Restaurant
95,28.5731898632245,77.22274908179077,Bengali Sweets,28.569537550088498,77.22094000628562,443,Indian Restaurant
96,28.5731898632245,77.22274908179077,Pind Balluchi,28.569525094427163,77.22430105801577,435,Indian Restaurant
97,28.57308925966734,77.22887956721935,Swagath Restaurant & Bar,28.573488628580655,77.23018334548219,134,Indian Restaurant
98,28.57308925966734,77.22887956721935,Sagar South Indian Restaurant,28.573392633956587,77.23029286074349,142,South Indian Restaurant
99,28.57308925966734,77.22887956721935,Sagar Ratna,28.57283887863218,77.23060369491576,170,Indian Restaurant
100,28.57308925966734,77.22887956721935,Colonel's Kababz,28.574008745531483,77.23048985381021,187,Indian Restaurant
101,28.57308925966734,77.22887956721935,Moets Stone,28.573238361371025,77.23053722007795,162,Italian Restaurant
102,28.57308925966734,77.22887956721935,Salim Kababs Khan Market Wale,28.573959614726736,77.22975750503267,129,Indian Restaurant
103,28.57308925966734,77.22887956721935,Liquid Kitchen,28.573906986208744,77.230313,167,Indian Restaurant
104,28.57308925966734,77.22887956721935,"Moti Mahal Delux, Defence Colony",28.573599835777195,77.23015044930057,136,Indian Restaurant
105,28.57308925966734,77.22887956721935,Rollmaal,28.573060736339777,77.23043673644335,152,Indian Restaurant
106,28.57308925966734,77.22887956721935,Kathputli,28.573695,77.23027,151,Rajasthani Restaurant
107,28.572988379484382,77.23501002117561,Bikanervala,28.57099184505776,77.23913167574396,460,Indian Restaurant
108,28.572988379484382,77.23501002117561,Sagar Ratna,28.57283887863218,77.23060369491576,431,Indian Restaurant
109,28.572988379484382,77.23501002117561,Swagath Restaurant & Bar,28.573488628580655,77.23018334548219,475,Indian Restaurant
110,28.572988379484382,77.23501002117561,Sagar South Indian Restaurant,28.573392633956587,77.23029286074349,463,South Indian Restaurant
111,28.572988379484382,77.23501002117561,Colonel's Kababz,28.574008745531483,77.23048985381021,456,Indian Restaurant
112,28.572988379484382,77.23501002117561,Moets Stone,28.573238361371025,77.23053722007795,438,Italian Restaurant
113,28.572988379484382,77.23501002117561,Rollmaal,28.573060736339777,77.23043673644335,447,Indian Restaurant
114,28.572988379484382,77.23501002117561,Bikanerwala,28.570990319917385,77.23912125148715,459,Indian Restaurant
115,28.572988379484382,77.23501002117561,Liquid Kitchen,28.573906986208744,77.230313,470,Indian Restaurant
116,28.572988379484382,77.23501002117561,"Moti Mahal Delux, Defence Colony",28.573599835777195,77.23015044930057,479,Indian Restaurant
117,28.572988379484382,77.23501002117561,Kathputli,28.573695,77.23027,470,Rajasthani Restaurant
118,28.57288722268086,77.24114044357319,Bikanervala,28.57099184505776,77.23913167574396,288,Indian Restaurant
119,28.57288722268086,77.24114044357319,Anandji Chole Bhature,28.5752,77.2413,257,Indian Restaurant
120,28.57288722268086,77.24114044357319,Bikanerwala,28.570990319917385,77.23912125148715,289,Indian Restaurant
121,28.57288722268086,77.24114044357319,Goli Vada Pao,28.570170763838068,77.23980524015442,329,Indian Restaurant
122,28.57288722268086,77.24114044357319,Mazaar,28.57689506188291,77.24208410453556,455,Indian Restaurant
123,28.572785789262024,77.24727083432586,Beliram Decchiwala,28.56891632080078,77.24746942520142,431,Indian Restaurant
124,28.572785789262024,77.24727083432586,Wah Ji Wah,28.575106721514477,77.24316739160896,477,Indian Restaurant
125,28.57268407923315,77.25340119334733,Indian Accent,28.57042284894989,77.2567533800153,413,Indian Restaurant
126,28.57268407923315,77.25340119334733,The Manor Hotel,28.57045905048506,77.25679070551244,413,Hotel
127,28.57268407923315,77.25340119334733,In-Q - The Manor,28.570335,77.256656,411,Indian Restaurant
128,28.5725820925995,77.25953152055129,Indian Accent,28.57042284894989,77.2567533800153,362,Indian Restaurant
129,28.5725820925995,77.25953152055129,The Manor Hotel,28.57045905048506,77.25679070551244,357,Hotel
130,28.5725820925995,77.25953152055129,In-Q - The Manor,28.570335,77.256656,376,Indian Restaurant
131,28.572479829366383,77.26566181585147,Ambar Parathe Wala,28.571830353388858,77.26544272767393,75,Indian Restaurant
132,28.572479829366383,77.26566181585147,Moti Mahal Delux,28.56967298222236,77.26791858673096,382,Indian Restaurant
133,28.578425126805683,77.18912793205128,Jamavar Kashmiri Restaurant @ The Leela,28.580142785889475,77.18926702333043,191,Indian Restaurant
134,28.578425126805683,77.18912793205128,The Leela Palace,28.579923208960246,77.18929069931625,167,Hotel
135,28.578425126805683,77.18912793205128,The Qube,28.58016233519692,77.1892701263573,193,Breakfast Spot
136,28.57832602557771,77.19525886038512,Rdbd Rang de Basanti Dhaba,28.576552126905252,77.19525190451647,197,Indian Restaurant
137,28.57832602557771,77.19525886038512,Haldiram's,28.576374358811357,77.19526594231465,217,Indian Restaurant
138,28.57832602557771,77.19525886038512,Amar Jyoti Restaurant,28.577417293433125,77.19666129546995,170,Indian Restaurant
139,28.57832602557771,77.19525886038512,Rang De Basanti Dhaba,28.576022679658717,77.1950497594198,257,Indian Restaurant
140,28.578226647641788,77.20138975771545,Amar Jyoti Restaurant,28.577417293433125,77.19666129546995,470,Indian Restaurant
141,28.578226647641788,77.20138975771545,rasoi Plaza,28.578075273467363,77.19642546229475,485,Indian Restaurant
142,28.578126993003085,77.20752062395592,Appus Hotel,28.575048,77.21011,426,Indian Restaurant
143,28.578126993003085,77.20752062395592,dilli o dilli,28.579696910747536,77.211602054344,435,Indian Restaurant
144,28.578126993003085,77.20752062395592,Dosa Junction,28.57717480245098,77.21052970643788,312,South Indian Restaurant
145,28.578027061666777,77.2136514590202,dilli o dilli,28.579696910747536,77.211602054344,273,Indian Restaurant
146,28.578027061666777,77.2136514590202,Appus Hotel,28.575048,77.21011,479,Indian Restaurant
147,28.578027061666777,77.2136514590202,Dosa Junction,28.57717480245098,77.21052970643788,319,South Indian Restaurant
148,28.57792685363805,77.219782262822,Chidambaram's New Madras Hotel,28.580657473052533,77.22094271197862,324,Indian Restaurant
149,28.57792685363805,77.219782262822,Chidambaram's,28.58076286315918,77.2209701538086,336,Indian Restaurant
150,28.57782636892211,77.22591303527498,New Madras Hotel,28.580004538171348,77.2243515818299,286,Indian Restaurant
151,28.57772560752417,77.23204377629285,Colonel's Kababz,28.574008745531483,77.23048985381021,440,Indian Restaurant
152,28.57772560752417,77.23204377629285,Liquid Kitchen,28.573906986208744,77.230313,457,Indian Restaurant
153,28.57772560752417,77.23204377629285,Salim Kababs Khan Market Wale,28.573959614726736,77.22975750503267,475,Indian Restaurant
154,28.57772560752417,77.23204377629285,"Moti Mahal Delux, Defence Colony",28.573599835777195,77.23015044930057,495,Indian Restaurant
155,28.57772560752417,77.23204377629285,Kathputli,28.573695,77.23027,481,Rajasthani Restaurant
156,28.577624569449462,77.23817448578932,Saleem's,28.577576,77.23819,5,Indian Restaurant
157,28.577624569449462,77.23817448578932,Deez Biryani,28.57713220884342,77.23843004205739,60,Indian Restaurant
158,28.577624569449462,77.23817448578932,Mazaar,28.57689506188291,77.24208410453556,390,Indian Restaurant
159,28.577624569449462,77.23817448578932,Anandji Chole Bhature,28.5752,77.2413,407,Indian Restaurant
160,28.57752325470323,77.24430516367804,Mazaar,28.57689506188291,77.24208410453556,228,Indian Restaurant
161,28.57752325470323,77.24430516367804,Wah Ji Wah,28.575106721514477,77.24316739160896,291,Indian Restaurant
162,28.57752325470323,77.24430516367804,KiTchen Khurana,28.578798849463254,77.24069770706988,380,Indian Restaurant
163,28.57752325470323,77.24430516367804,Anandji Chole Bhature,28.5752,77.2413,391,Indian Restaurant
164,28.57752325470323,77.24430516367804,hunger,28.57518196105957,77.24288177490234,295,North Indian Restaurant
165,28.577421663290743,77.25043580987274,Other country food,28.580578496675614,77.25010468301647,352,Indian Restaurant
166,28.577217650488095,77.26269700683484,haldirams,28.578164298431798,77.26296789863937,108,Indian Restaurant
167,28.583161468630028,77.18615942259304,The Potbelly,28.583796346289404,77.1878284612995,177,Indian Restaurant
168,28.583161468630028,77.18615942259304,Jamavar Kashmiri Restaurant @ The Leela,28.580142785889475,77.18926702333043,452,Indian Restaurant
169,28.583161468630028,77.18615942259304,Tamil Nadu House Canteen,28.583111926681426,77.19103325736886,476,Indian Restaurant
170,28.583161468630028,77.18615942259304,The Leela Palace,28.579923208960246,77.18929069931625,472,Hotel
171,28.583161468630028,77.18615942259304,The Qube,28.58016233519692,77.1892701263573,451,Breakfast Spot
172,28.58306248657739,77.19229063781384,Jamavar Kashmiri Restaurant @ The Leela,28.580142785889475,77.18926702333043,439,Indian Restaurant
173,28.58306248657739,77.19229063781384,Tamil Nadu House Canteen,28.583111926681426,77.19103325736886,123,Indian Restaurant
174,28.58306248657739,77.19229063781384,Bikanervala,28.58539415667423,77.19142816862616,272,Indian Restaurant
175,28.58306248657739,77.19229063781384,The Potbelly,28.583796346289404,77.1878284612995,443,Indian Restaurant
176,28.58306248657739,77.19229063781384,The Leela Palace,28.579923208960246,77.18929069931625,456,Hotel
177,28.58306248657739,77.19229063781384,Yashwant Place,28.584328859422833,77.19170870025458,152,Indian Restaurant
178,28.58306248657739,77.19229063781384,Chimney Sizzlers,28.584257123665918,77.19172105387057,144,Chinese Restaurant
179,28.58306248657739,77.19229063781384,The Qube,28.58016233519692,77.1892701263573,437,Breakfast Spot
180,28.582963227760633,77.19842182206845,Amber Restaurant,28.582893,77.20227,376,Indian Restaurant
181,28.582963227760633,77.19842182206845,Sagar Restaurant,28.582952,77.20235,383,Indian Restaurant
182,28.58286369218491,77.20455297527052,Sagar Restaurant,28.582952,77.20235,215,Indian Restaurant
183,28.58286369218491,77.20455297527052,Amber Restaurant,28.582893,77.20227,223,Indian Restaurant
184,28.58276387985541,77.21068409733371,dilli o dilli,28.579696910747536,77.211602054344,353,Indian Restaurant
185,28.5826637907773,77.21681518817171,Chidambaram's New Madras Hotel,28.580657473052533,77.22094271197862,461,Indian Restaurant
186,28.5826637907773,77.21681518817171,Hot Chimney,28.58370160693686,77.22057434083216,385,Indian Restaurant
187,28.5826637907773,77.21681518817171,Chidambaram's,28.58076286315918,77.2209701538086,457,Indian Restaurant
188,28.582563424955772,77.22294624769816,Chidambaram's New Madras Hotel,28.580657473052533,77.22094271197862,288,Indian Restaurant
189,28.582563424955772,77.22294624769816,Hot Chimney,28.58370160693686,77.22057434083216,264,Indian Restaurant
190,28.582563424955772,77.22294624769816,Jamun,28.584576,77.223303,226,Indian Restaurant
191,28.582563424955772,77.22294624769816,Chidambaram's,28.58076286315918,77.2209701538086,278,Indian Restaurant
192,28.582563424955772,77.22294624769816,Anna Muthulaxmi,28.582260625665445,77.22740650177002,437,Indian Restaurant
193,28.582563424955772,77.22294624769816,Carnatic Cafe,28.583904,77.2267,396,South Indian Restaurant
194,28.582462782396057,77.22907727582675,Anna Muthulaxmi,28.582260625665445,77.22740650177002,164,Indian Restaurant
195,28.582462782396057,77.22907727582675,tikka town,28.58622117012594,77.22647917615916,489,Indian Restaurant
196,28.582462782396057,77.22907727582675,Carnatic Cafe,28.583904,77.2267,282,South Indian Restaurant
197,28.582361863103365,77.23520827247116,Ambersari,28.579893165445522,77.23899134934071,460,Indian Restaurant
198,28.58226066708294,77.24133923754503,Ambersari,28.579893165445522,77.23899134934071,349,Indian Restaurant
199,28.58226066708294,77.24133923754503,KiTchen Khurana,28.578798849463254,77.24069770706988,390,Indian Restaurant
200,28.58215919434004,77.2474701709621,Papu Kachori Pakode,28.582607488429254,77.24972303035811,225,Indian Restaurant
201,28.58215919434004,77.2474701709621,Vatika Grand,28.584128260509647,77.24849387588849,240,Indian Restaurant
202,28.58215919434004,77.2474701709621,"Bhashi Restaurant, Mathura Road",28.58198539575973,77.25046388438822,293,Indian Restaurant
203,28.58215919434004,77.2474701709621,Other country food,28.580578496675614,77.25010468301647,311,Indian Restaurant
204,28.58215919434004,77.2474701709621,Hyderabad House,28.583601966727112,77.24973425545397,273,Hyderabadi Restaurant
205,28.582057444879933,77.253601072636,"Bhashi Restaurant, Mathura Road",28.58198539575973,77.25046388438822,306,Indian Restaurant
206,28.582057444879933,77.253601072636,Papu Kachori Pakode,28.582607488429254,77.24972303035811,384,Indian Restaurant
207,28.582057444879933,77.253601072636,Other country food,28.580578496675614,77.25010468301647,379,Indian Restaurant
208,28.582057444879933,77.253601072636,Hyderabad House,28.583601966727112,77.24973425545397,415,Hyderabadi Restaurant
209,28.581955418707903,77.25973194248043,Haldirams,28.584304895411478,77.26190724167218,337,Indian Restaurant
210,28.581853115829244,77.2658627804091,Haldirams,28.584304895411478,77.26190724167218,473,Indian Restaurant
211,28.581853115829244,77.2658627804091,haldirams,28.578164298431798,77.26296789863937,498,Indian Restaurant
212,28.587798894051133,77.18932215927863,Bikanervala,28.58539415667423,77.19142816862616,337,Indian Restaurant
213,28.587798894051133,77.18932215927863,The Potbelly,28.583796346289404,77.1878284612995,468,Indian Restaurant
214,28.587798894051133,77.18932215927863,Yashwant Place,28.584328859422833,77.19170870025458,451,Indian Restaurant
215,28.587798894051133,77.18932215927863,Chimney Sizzlers,28.584257123665918,77.19172105387057,458,Chinese Restaurant
216,28.58769975440676,77.19545363050652,Bikanervala,28.58539415667423,77.19142816862616,469,Indian Restaurant
217,28.587300427729605,77.21997920440258,Hot Chimney,28.58370160693686,77.22057434083216,404,Indian Restaurant
218,28.587300427729605,77.21997920440258,Jamun,28.584576,77.223303,444,Indian Restaurant
219,28.587300427729605,77.21997920440258,Dilli Dastarkhwan,28.590543815914646,77.22308847999311,471,Indian Restaurant
220,28.587199904061315,77.22611051969096,Delhi-o-Delhi,28.589280520232073,77.22584827793551,233,Indian Restaurant
221,28.587199904061315,77.22611051969096,tikka town,28.58622117012594,77.22647917615916,114,Indian Restaurant
222,28.587199904061315,77.22611051969096,Ganesha Sweets&Restaurants,28.586379,77.22625,92,Indian Restaurant
223,28.587199904061315,77.22611051969096,Jamun,28.584576,77.223303,400,Indian Restaurant
224,28.587199904061315,77.22611051969096,Carnatic Cafe,28.583904,77.2267,371,South Indian Restaurant
225,28.586896672342334,77.2445042765291,Monis Kada,28.591223,77.243997,484,Indian Restaurant
226,28.586896672342334,77.2445042765291,Vatika Grand,28.584128260509647,77.24849387588849,497,Indian Restaurant
227,28.586896672342334,77.2445042765291,"Kareems nizamuddin,  Delhi",28.591299035851705,77.24362203243963,497,Awadhi Restaurant
228,28.5867950415488,77.25063546551166,Comesum - The Food Junction,28.58970528985822,77.253211613099,410,Indian Restaurant
229,28.5867950415488,77.25063546551166,Aneja,28.589415,77.252629,350,Indian Restaurant
230,28.5867950415488,77.25063546551166,Vatika Grand,28.584128260509647,77.24849387588849,363,Indian Restaurant
231,28.5867950415488,77.25063546551166,Papu Kachori Pakode,28.582607488429254,77.24972303035811,474,Indian Restaurant
232,28.5867950415488,77.25063546551166,Hyderabad House,28.583601966727112,77.24973425545397,366,Hyderabadi Restaurant
233,28.5866931339871,77.25676662270195,Comesum - The Food Junction,28.58970528985822,77.253211613099,482,Indian Restaurant
234,28.58659094966254,77.26289774801361,Haldirams,28.584304895411478,77.26190724167218,272,Indian Restaurant
235,28.592732458163187,77.17408981560469,Bukhara,28.596914259545567,77.17335846829526,470,North Indian Restaurant
236,28.592732458163187,77.17408981560469,Pavilion,28.597175612322467,77.17354140226394,497,Indian Restaurant
237,28.592732458163187,77.17408981560469,Masala Art - Taj Palace Hotel,28.595007120309404,77.1706001073428,424,Indian Restaurant
238,28.592732458163187,77.17408981560469,ITC Maurya,28.59713,77.173643,491,Hotel
239,28.59253524796018,77.18635342469314,Pepper Bistro,28.593104011680257,77.18892216682434,258,Indian Restaurant
240,28.59243622754141,77.19248518294333,Sagar Ratna,28.595551410016434,77.19576360070631,472,Indian Restaurant
241,28.59243622754141,77.19248518294333,Pepper Bistro,28.593104011680257,77.18892216682434,356,Indian Restaurant
242,28.592336930251335,77.19861691021568,Sagar Ratna,28.595551410016434,77.19576360070631,453,Indian Restaurant
243,28.591936972481204,77.22314350779916,Delhi-o-Delhi,28.589280520232073,77.22584827793551,396,Indian Restaurant
244,28.591936972481204,77.22314350779916,Dilli Dastarkhwan,28.590543815914646,77.22308847999311,155,Indian Restaurant
245,28.591836290912184,77.22927507888673,Delhi-o-Delhi,28.589280520232073,77.22584827793551,439,Indian Restaurant
246,28.591836290912184,77.22927507888673,Dyal Singh College Canteen,28.595952671508183,77.22935894593881,458,Indian Restaurant
247,28.591735332502996,77.23540661847825,Indian Accent,28.592025841987475,77.23800557290183,256,Indian Restaurant
248,28.591735332502996,77.23540661847825,Élan @ The Lodhi,28.591598725492826,77.23820746338278,274,Restaurant
249,28.591735332502996,77.23540661847825,On The Waterfront,28.592061411987267,77.23795124764315,251,Hotel Bar
250,28.591735332502996,77.23540661847825,The Lodhi Hotel,28.591668747194344,77.2381313007319,266,Hotel
251,28.59163409725889,77.2415381264874,Indian Accent,28.592025841987475,77.23800557290183,348,Indian Restaurant
252,28.59163409725889,77.2415381264874,Karims,28.5913955903448,77.24365657296444,208,Indian Restaurant
253,28.59163409725889,77.2415381264874,Élan @ The Lodhi,28.591598725492826,77.23820746338278,325,Restaurant
254,28.59163409725889,77.2415381264874,On The Waterfront,28.592061411987267,77.23795124764315,353,Hotel Bar
255,28.59163409725889,77.2415381264874,The Lodhi Hotel,28.591668747194344,77.2381313007319,333,Hotel
256,28.59163409725889,77.2415381264874,Aap Ki Khatir,28.592860832086362,77.24133758484983,137,Indian Restaurant
257,28.59163409725889,77.2415381264874,Tahir Kabab Corner,28.59172882171536,77.24453692163345,293,Indian Restaurant
258,28.59163409725889,77.2415381264874,Slice of Italy,28.59301451828417,77.24201917648315,160,Pizza Place
259,28.591532585185128,77.24766960282778,Karims,28.5913955903448,77.24365657296444,392,Indian Restaurant
260,28.591532585185128,77.24766960282778,Tahir Kabab Corner,28.59172882171536,77.24453692163345,306,Indian Restaurant
261,28.591430796286975,77.25380104741308,Comesum - The Food Junction,28.58970528985822,77.253211613099,200,Indian Restaurant
262,28.591430796286975,77.25380104741308,Aneja,28.589415,77.252629,251,Indian Restaurant
263,28.597370172472996,77.1772523577954,Dum Pukht,28.597194019454648,77.17328824799445,387,Indian Restaurant
264,28.597370172472996,77.1772523577954,Bukhara,28.596914259545567,77.17335846829526,383,North Indian Restaurant
265,28.597370172472996,77.1772523577954,Pavilion,28.597175612322467,77.17354140226394,363,Indian Restaurant
266,28.597370172472996,77.1772523577954,ITC Maurya,28.59713,77.173643,353,Hotel
267,28.59707346905839,77.19564849367352,Sagar Ratna,28.595551410016434,77.19576360070631,169,Indian Restaurant
268,28.59707346905839,77.19564849367352,The Oudh,28.59645303337417,77.19540351311272,73,Indian Restaurant
269,28.59707346905839,77.19564849367352,Ashoka hotel,28.597504429054332,77.19570672972347,48,Indian Restaurant
270,28.59707346905839,77.19564849367352,Odisha Niwas Canteen,28.600670011903567,77.19718349583063,427,Indian Restaurant
271,28.59707346905839,77.19564849367352,S Nom Nom,28.59709306306665,77.19641423213184,74,Chinese Restaurant
272,28.59677427334272,77.21404435030978,Dhaba by Claridges,28.600633368284306,77.21655356969086,494,North Indian Restaurant
273,28.596573424989597,77.22630809844779,Khan Chacha,28.600618250461434,77.22723729363604,459,Indian Restaurant
274,28.596573424989597,77.22630809844779,Wok In The Clouds,28.600501884081112,77.22722973943226,446,Indian Restaurant
275,28.596573424989597,77.22630809844779,The Big Chill Cafe,28.60068629868818,77.22763621585838,475,Italian Restaurant
276,28.596573424989597,77.22630809844779,Cafe Turtle,28.60015919868491,77.22723799043102,409,Café
277,28.596573424989597,77.22630809844779,Azam's Mughlai,28.600110036726374,77.22614797006254,394,Indian Restaurant
278,28.596573424989597,77.22630809844779,SODABOTTLEOPENERWALA,28.600140869804918,77.22627303643019,397,Irani Cafe
279,28.59647258546586,77.23243992537179,DGC Tea Hut On 14th,28.59525,77.232735,139,Indian Restaurant
280,28.59647258546586,77.23243992537179,Dyal Singh College Canteen,28.595952671508183,77.22935894593881,306,Indian Restaurant
281,28.596371469050975,77.23857172075067,Indian Accent,28.592025841987475,77.23800557290183,486,Indian Restaurant
282,28.596371469050975,77.23857172075067,On The Waterfront,28.592061411987267,77.23795124764315,483,Hotel Bar
283,28.596371469050975,77.23857172075067,Omya,28.596531,77.239589,101,Indian Restaurant
284,28.596371469050975,77.23857172075067,Aap Ki Khatir,28.592860832086362,77.24133758484983,475,Indian Restaurant
285,28.596270075750198,77.244703484498,Omya,28.596531,77.239589,500,Indian Restaurant
286,28.596270075750198,77.244703484498,Slice of Italy,28.59301451828417,77.24201917648315,447,Pizza Place
287,28.596168405568797,77.25083521652746,Karims Restaurant (J),28.595183,77.246263,460,Mughlai Restaurant
288,28.602007794928983,77.18041518702584,Captain's Kabab,28.600601603658454,77.17819750810703,267,Indian Restaurant
289,28.601909013121155,77.18654751946768,Lázeez Affaire,28.602236717164363,77.18604379463075,61,Indian Restaurant
290,28.601909013121155,77.18654751946768,Moti Mahal Delux,28.601676978648637,77.18710603142988,60,Indian Restaurant
291,28.601909013121155,77.18654751946768,Jakoi,28.605238831243323,77.18758137955673,384,Indian Restaurant
292,28.601909013121155,77.18654751946768,Al Kauser,28.60540082768645,77.1879618851896,412,Indian Restaurant
293,28.601909013121155,77.18654751946768,Sanadige,28.601969,77.18702,46,Karnataka Restaurant
294,28.601809954329646,77.1926798210064,Pure Punjabi,28.599726775582358,77.18990617377794,356,Indian Restaurant
295,28.601809954329646,77.1926798210064,Odisha Niwas Canteen,28.600670011903567,77.19718349583063,458,Indian Restaurant
296,28.60171061855959,77.19881209155558,Odisha Niwas Canteen,28.600670011903567,77.19718349583063,196,Indian Restaurant
297,28.60141094942985,77.21720871640207,Dhaba by Claridges,28.600633368284306,77.21655356969086,107,North Indian Restaurant
298,28.60141094942985,77.21720871640207,The Claridges,28.600705467708647,77.21660146431111,98,Hotel
299,28.60131050579737,77.2233408621292,Varq | वर्क,28.60454694756125,77.2237810008916,362,Indian Restaurant
300,28.60131050579737,77.2233408621292,Khan Chacha,28.600618250461434,77.22723729363604,388,Indian Restaurant
301,28.60131050579737,77.2233408621292,Wok In The Clouds,28.600501884081112,77.22722973943226,390,Indian Restaurant
302,28.60131050579737,77.2233408621292,The Big Chill Cafe,28.60068629868818,77.22763621585838,425,Italian Restaurant
303,28.60131050579737,77.2233408621292,Cafe Turtle,28.60015919868491,77.22723799043102,401,Café
304,28.60131050579737,77.2233408621292,Azam's Mughlai,28.600110036726374,77.22614797006254,305,Indian Restaurant
305,28.60131050579737,77.2233408621292,Taj Ambassador,28.60087033931607,77.22829798629847,486,Indian Restaurant
306,28.60131050579737,77.2233408621292,SODABOTTLEOPENERWALA,28.600140869804918,77.22627303643019,314,Irani Cafe
307,28.601209785212294,77.22947297643482,Khan Chacha,28.600618250461434,77.22723729363604,228,Indian Restaurant
308,28.601209785212294,77.22947297643482,Wok In The Clouds,28.600501884081112,77.22722973943226,232,Indian Restaurant
309,28.601209785212294,77.22947297643482,The Big Chill Cafe,28.60068629868818,77.22763621585838,188,Italian Restaurant
310,28.601209785212294,77.22947297643482,Cafe Turtle,28.60015919868491,77.22723799043102,247,Café
311,28.601209785212294,77.22947297643482,Taj Ambassador,28.60087033931607,77.22829798629847,120,Indian Restaurant
312,28.601209785212294,77.22947297643482,Yellow Brick Road,28.602009147159777,77.22911007967772,95,Coffee Shop
313,28.601209785212294,77.22947297643482,Azam's Mughlai,28.600110036726374,77.22614797006254,347,Indian Restaurant
314,28.601209785212294,77.22947297643482,SODABOTTLEOPENERWALA,28.600140869804918,77.22627303643019,334,Irani Cafe
315,28.601007513205282,77.24173711043599,Masala House,28.60233881932629,77.24130952010776,153,North Indian Restaurant
316,28.601007513205282,77.24173711043599,Sunder Nagar,28.6022821763985,77.24079874063452,168,Indian Restaurant
317,28.601007513205282,77.24173711043599,Nathu's,28.60247264877011,77.24077067576414,188,Indian Restaurant
318,28.601007513205282,77.24173711043599,Kamal Restaurant,28.60235,77.240698,180,Indian Restaurant
319,28.600599645991192,77.26626499757926,duggale snacks point,28.602067947387695,77.2654037475586,183,Indian Restaurant
320,28.60664532548869,77.18357830338243,Jakoi,28.605238831243323,77.18758137955673,421,Indian Restaurant
321,28.60664532548869,77.18357830338243,Al Kauser,28.60540082768645,77.1879618851896,450,Indian Restaurant
322,28.606546386026313,77.18971089212786,Al Kauser,28.60540082768645,77.1879618851896,213,Indian Restaurant
323,28.606546386026313,77.18971089212786,Jakoi,28.605238831243323,77.18758137955673,253,Indian Restaurant
324,28.606047533296735,77.2203733698446,Varq | वर्क,28.60454694756125,77.2237810008916,372,Indian Restaurant
325,28.606047533296735,77.2203733698446,queen's kitchen,28.60336595722144,77.22380704624999,449,Multicuisine Indian Restaurant
326,28.60594693170356,77.22650577158095,Varq | वर्क,28.60454694756125,77.2237810008916,308,Indian Restaurant
327,28.60594693170356,77.22650577158095,Gulati Restaurant,28.608010137218567,77.22998865890446,410,Indian Restaurant
328,28.60594693170356,77.22650577158095,Havemore,28.608032799884363,77.22994997865756,408,Indian Restaurant
329,28.60594693170356,77.22650577158095,Chicken Inn,28.607891404129532,77.2297518915048,384,Indian Restaurant
330,28.60594693170356,77.22650577158095,Pandara Rd,28.607999832217057,77.22989797242407,402,Indian Restaurant
331,28.60594693170356,77.22650577158095,Chor Bizzare,28.608837,77.229894,461,Indian Restaurant
332,28.605846053106777,77.23263814184665,Gulati Restaurant,28.608010137218567,77.22998865890446,353,Indian Restaurant
333,28.605846053106777,77.23263814184665,Havemore,28.608032799884363,77.22994997865756,358,Indian Restaurant
334,28.605846053106777,77.23263814184665,Chicken Inn,28.607891404129532,77.2297518915048,362,Indian Restaurant
335,28.605846053106777,77.23263814184665,Pandara Rd,28.607999832217057,77.22989797242407,359,Indian Restaurant
336,28.605846053106777,77.23263814184665,Chor Bizzare,28.608837,77.229894,427,Indian Restaurant
337,28.605744897511638,77.23877048055535,Masala House,28.60233881932629,77.24130952010776,453,North Indian Restaurant
338,28.605744897511638,77.23877048055535,Nathu's,28.60247264877011,77.24077067576414,413,Indian Restaurant
339,28.605744897511638,77.23877048055535,Kamal Restaurant,28.60235,77.240698,422,Indian Restaurant
340,28.605744897511638,77.23877048055535,Sunder Nagar,28.6022821763985,77.24079874063452,433,Indian Restaurant
341,28.605337505252812,77.2632995180918,duggale snacks point,28.602067947387695,77.2654037475586,418,Indian Restaurant
342,28.60492568144317,77.28782804380405,Gun Powder Restaurant,28.605584,77.289097,144,Indian Restaurant
343,28.60492568144317,77.28782804380405,Mitraan Di Chaap,28.604094230954004,77.29258385700422,473,North Indian Restaurant
344,28.610884712931938,77.21127290094448,Punjabi Nawab's - Best Western Taurus,28.612856636438657,77.21431732177734,369,Chinese Restaurant
345,28.61078450744893,77.21740562150757,Punjabi Nawab's - Best Western Taurus,28.612856636438657,77.21431732177734,379,Chinese Restaurant
346,28.61078450744893,77.21740562150757,Ardor Catering Company,28.6137231424766,77.21543312072754,379,Restaurant
347,28.610583265292995,77.2296709685066,Gulati Restaurant,28.608010137218567,77.22998865890446,288,Indian Restaurant
348,28.610583265292995,77.2296709685066,Havemore,28.608032799884363,77.22994997865756,285,Indian Restaurant
349,28.610583265292995,77.2296709685066,Chicken Inn,28.607891404129532,77.2297518915048,299,Indian Restaurant
350,28.610583265292995,77.2296709685066,Pandara Rd,28.607999832217057,77.22989797242407,288,Indian Restaurant
351,28.610583265292995,77.2296709685066,Chor Bizzare,28.608837,77.229894,195,Indian Restaurant
352,28.6103809149187,77.24193618942658,Café Lota,28.613176514059944,77.24207084847977,311,Indian Restaurant
353,28.6103809149187,77.24193618942658,Babu Shahi Bawarchi,28.61271858215332,77.24076080322266,284,Indian Restaurant
354,28.609663961998116,77.28486345979313,Green Leaf Restaurant,28.612065472508544,77.28783130645752,394,Indian Restaurant
355,28.615421064765503,77.22057059377686,eau de Monsoon,28.618780576519963,77.21817254979929,441,Indian Restaurant
356,28.615421064765503,77.22057059377686,Masala Library,28.618814,77.21809,448,Indian Restaurant
357,28.615421064765503,77.22057059377686,Le Méridien,28.618790061413076,77.21800819964756,450,Hotel
358,28.615421064765503,77.22057059377686,ఆంధ్ర భవన్ (Andhra Bhavan),28.619656633029656,77.21996068954468,475,Indian Restaurant
359,28.615320424199762,77.22670353912598,Andhra Bhavan Canteen,28.617094521063013,77.22572098304474,219,Indian Restaurant
360,28.615320424199762,77.22670353912598,Maharashtra Bhawan Canteen,28.61812166408398,77.22878075218492,372,Indian Restaurant
361,28.615320424199762,77.22670353912598,CSOI club,28.619021856520057,77.22701457248938,413,Indian Restaurant
362,28.615118311741014,77.23896933529032,Café Lota,28.613176514059944,77.24207084847977,372,Indian Restaurant
363,28.615118311741014,77.23896933529032,Babu Shahi Bawarchi,28.61271858215332,77.24076080322266,319,Indian Restaurant
364,28.61501683985851,77.2451021859327,Café Lota,28.613176514059944,77.24207084847977,360,Indian Restaurant
365,28.61501683985851,77.2451021859327,Babu Shahi Bawarchi,28.61271858215332,77.24076080322266,495,Indian Restaurant
366,28.614402189752635,77.28189862018453,Haldiram's,28.617935,77.279686,448,North Indian Restaurant
367,28.614402189752635,77.28189862018453,Mangey Da Dhaba,28.618259006135297,77.28305684080647,444,Indian Restaurant
368,28.614402189752635,77.28189862018453,Anna Madras Cafe,28.61841584154547,77.28305684080647,460,Indian Restaurant
369,28.614402189752635,77.28189862018453,Punjabi Rasoi,28.617452224982433,77.28538536445238,481,Indian Restaurant
370,28.614298778316176,77.2880312468195,Green Leaf Restaurant,28.612065472508544,77.28783130645752,249,Indian Restaurant
371,28.614298778316176,77.2880312468195,Punjabi Rasoi,28.617452224982433,77.28538536445238,435,Indian Restaurant
372,28.620457952615162,77.19920273395377,Tee pee o,28.62399466001383,77.2023211508556,497,Indian Restaurant
373,28.6203582626773,77.20533606073506,Tee pee o,28.62399466001383,77.2023211508556,500,Indian Restaurant
374,28.62025829555673,77.21146935633058,U N I canteen,28.62164861907796,77.2134996933071,251,Indian Restaurant
375,28.62025829555673,77.21146935633058,Soul Punjab,28.621004761709575,77.21643592080397,492,Indian Restaurant
376,28.620158051258663,77.2176026206538,eau de Monsoon,28.618780576519963,77.21817254979929,163,Indian Restaurant
377,28.620158051258663,77.2176026206538,Masala Library,28.618814,77.21809,157,Indian Restaurant
378,28.620158051258663,77.2176026206538,Tamra,28.620543184230115,77.21817445898111,70,Restaurant
379,28.620158051258663,77.2176026206538,Le Méridien,28.618790061413076,77.21800819964756,157,Hotel
380,28.620158051258663,77.2176026206538,Swagath,28.62149870440041,77.21858049977537,177,Indian Restaurant
381,28.620158051258663,77.2176026206538,ఆంధ్ర భవన్ (Andhra Bhavan),28.619656633029656,77.21996068954468,237,Indian Restaurant
382,28.620057529788294,77.22373585361834,Andhra Bhavan Canteen,28.617094521063013,77.22572098304474,382,Indian Restaurant
383,28.620057529788294,77.22373585361834,CSOI club,28.619021856520057,77.22701457248938,340,Indian Restaurant
384,28.620057529788294,77.22373585361834,ఆంధ్ర భవన్ (Andhra Bhavan),28.619656633029656,77.21996068954468,371,Indian Restaurant
385,28.61995673115085,77.22986905513767,Canteen Doordarshan Bhawan,28.61971623243475,77.22988100194355,26,Indian Restaurant
386,28.61995673115085,77.22986905513767,Maharashtra Bhawan Canteen,28.61812166408398,77.22878075218492,230,Indian Restaurant
387,28.61995673115085,77.22986905513767,CSOI club,28.619021856520057,77.22701457248938,297,Indian Restaurant
388,28.619754302395712,77.242135363495,Aahar,28.621434908285483,77.24197745915569,187,Indian Restaurant
389,28.619140364668013,77.27893352489187,Haldiram's,28.617935,77.279686,153,North Indian Restaurant
390,28.619140364668013,77.27893352489187,Anna Madras Cafe,28.61841584154547,77.28305684080647,410,Indian Restaurant
391,28.619140364668013,77.27893352489187,Mangey Da Dhaba,28.618259006135297,77.28305684080647,414,Indian Restaurant
392,28.619037071764254,77.28506643951444,Punjabi Rasoi,28.617452224982433,77.28538536445238,179,Indian Restaurant
393,28.619037071764254,77.28506643951444,Anna Madras Cafe,28.61841584154547,77.28305684080647,208,Indian Restaurant
394,28.619037071764254,77.28506643951444,Mangey Da Dhaba,28.618259006135297,77.28305684080647,214,Indian Restaurant
395,28.625094957294255,77.20236725613235,Tee pee o,28.62399466001383,77.2023211508556,122,Indian Restaurant
396,28.62499510943479,77.20850083931772,Bikanervala,28.6266175130141,77.20944050542066,202,Indian Restaurant
397,28.624894984341584,77.21463439126816,FIRE,28.628737183341777,77.21649767623988,464,Indian Restaurant
398,28.624894984341584,77.21463439126816,The Imperial,28.625548038159426,77.21866351780929,400,Hotel
399,28.624894984341584,77.21463439126816,"Daniell's Tavern, The Imperial New Delhi",28.625634,77.218059,344,Indian Restaurant
400,28.624894984341584,77.21463439126816,Daniell's Tavern,28.625685790477238,77.2181313765103,352,Indian Restaurant
401,28.624894984341584,77.21463439126816,The Park Hotel,28.628731170539613,77.21650745045316,464,Hotel
402,28.62479458201985,77.22076791189724,HOTEL SARAVANA BHAVAN,28.62704114687105,77.21951363035465,278,South Indian Restaurant
403,28.62479458201985,77.22076791189724,Anand Biryani House,28.62913638616433,77.22012996193826,487,Indian Restaurant
404,28.62479458201985,77.22076791189724,The Imperial,28.625548038159426,77.21866351780929,222,Hotel
405,28.62479458201985,77.22076791189724,Daniell's Tavern,28.625685790477238,77.2181313765103,276,Indian Restaurant
406,28.62479458201985,77.22076791189724,"Daniell's Tavern, The Imperial New Delhi",28.625634,77.218059,280,Indian Restaurant
407,28.62479458201985,77.22076791189724,Parikrama - The Revolving Restaurant,28.62877338737562,77.22294850059579,491,Indian Restaurant
408,28.62479458201985,77.22076791189724,The Imperial The Spice Route New Delhi,28.628424090412157,77.22026469681839,407,Indian Restaurant
409,28.62479458201985,77.22076791189724,Swagath,28.62149870440041,77.21858049977537,424,Indian Restaurant
410,28.62479458201985,77.22076791189724,Shiv Sagar,28.627150474146667,77.21952761586795,288,North Indian Restaurant
411,28.62479458201985,77.22076791189724,The Masala Trail,28.627385,77.219497,313,Multicuisine Indian Restaurant
412,28.624693902474796,77.22690140111844,Punjabi By Nature,28.626951305320677,77.2299932717504,392,Indian Restaurant
413,28.624693902474796,77.22690140111844,Kaffa,28.62850142060896,77.22569326187427,439,Indian Restaurant
414,28.624693902474796,77.22690140111844,Legends of India,28.628701623340987,77.22595149143059,455,Indian Restaurant
415,28.624592945711644,77.2330348588453,Punjabi By Nature,28.626951305320677,77.2299932717504,396,Indian Restaurant
416,28.62449171173566,77.23916828499136,Aahar,28.621434908285483,77.24197745915569,437,Indian Restaurant
417,28.62439020055209,77.24530167947013,Aahar,28.621434908285483,77.24197745915569,462,Indian Restaurant
418,28.62387848670554,77.27596817382872,Laxmi Vaishno Dhaba,28.626157111605693,77.27769264412582,304,Indian Restaurant
419,28.62387848670554,77.27596817382872,shree bhog pure veg restaurant,28.627424,77.279008,493,Indian Restaurant
420,28.630030223555266,77.18713036018694,Gola sizzlers,28.633770127572962,77.18979948132089,491,Indian Restaurant
421,28.629731869810577,77.20553206590667,Chutney,28.631366836432466,77.20805372466756,306,Indian Restaurant
422,28.629731869810577,77.20553206590667,Sarvam Safari,28.63202765487053,77.20744735388764,316,Indian Restaurant
423,28.629731869810577,77.20553206590667,Kaleva,28.63329860331272,77.20848838202599,490,Snack Place
424,28.629731869810577,77.20553206590667,Hotel Metropolitan Delhi,28.63155782123568,77.20788695781451,307,Hotel
425,28.6296318639755,77.21166590553347,Jain Chawal Wale,28.631763432849244,77.21591941953137,478,Indian Restaurant
426,28.6296318639755,77.21166590553347,FIRE,28.628737183341777,77.21649767623988,482,Indian Restaurant
427,28.6296318639755,77.21166590553347,Bikanervala,28.629787504386968,77.21315415988288,146,Indian Restaurant
428,28.6296318639755,77.21166590553347,Dilli Ke Pakwaan,28.630724987017643,77.21453696926407,305,Indian Restaurant
429,28.6296318639755,77.21166590553347,Bikanervala,28.6266175130141,77.20944050542066,399,Indian Restaurant
430,28.6296318639755,77.21166590553347,Chutney,28.631366836432466,77.20805372466756,402,Indian Restaurant
431,28.6296318639755,77.21166590553347,Indian Coffee House,28.630755930400426,77.21605434631832,446,Café
432,28.6296318639755,77.21166590553347,G,28.63127367409223,77.21608784410734,469,Indian Restaurant
433,28.6296318639755,77.21166590553347,Sarvam Safari,28.63202765487053,77.20744735388764,490,Indian Restaurant
434,28.6296318639755,77.21166590553347,Hotel Metropolitan Delhi,28.63155782123568,77.20788695781451,426,Hotel
435,28.6296318639755,77.21166590553347,The Park Hotel,28.628731170539613,77.21650745045316,483,Hotel
436,28.629531580855645,77.21779971387623,Rajdhani Thali,28.62999946326596,77.2204011327264,259,Indian Restaurant
437,28.629531580855645,77.21779971387623,HOTEL SARAVANA BHAVAN,28.62704114687105,77.21951363035465,323,South Indian Restaurant
438,28.629531580855645,77.21779971387623,Jain Chawal Wale,28.631763432849244,77.21591941953137,308,Indian Restaurant
439,28.629531580855645,77.21779971387623,HOTEL SARAVANA BHAVAN,28.632319466435003,77.21644531748599,337,South Indian Restaurant
440,28.629531580855645,77.21779971387623,Kwality Restaurant,28.629743645035568,77.21743130219578,43,Indian Restaurant
441,28.629531580855645,77.21779971387623,Anand Biryani House,28.62913638616433,77.22012996193826,231,Indian Restaurant
442,28.629531580855645,77.21779971387623,United Coffee House,28.63247672337289,77.2211199789975,461,Indian Restaurant
443,28.629531580855645,77.21779971387623,FIRE,28.628737183341777,77.21649767623988,154,Indian Restaurant
444,28.629531580855645,77.21779971387623,Berco's,28.63240704948879,77.2173230839724,323,Chinese Restaurant
445,28.629531580855645,77.21779971387623,Starbucks,28.632010831148985,77.21773135560126,276,Coffee Shop
446,28.629531580855645,77.21779971387623,Starbucks,28.630105705208507,77.22053962418308,275,Coffee Shop
447,28.629531580855645,77.21779971387623,Indian Coffee House,28.630755930400426,77.21605434631832,218,Café
448,28.629531580855645,77.21779971387623,G,28.63127367409223,77.21608784410734,256,Indian Restaurant
449,28.629531580855645,77.21779971387623,The Imperial,28.625548038159426,77.21866351780929,451,Hotel
450,28.629531580855645,77.21779971387623,The Imperial The Spice Route New Delhi,28.628424090412157,77.22026469681839,270,Indian Restaurant
451,28.629531580855645,77.21779971387623,Pind Balluchi,28.630318339248806,77.21760032761195,89,North Indian Restaurant
452,28.629531580855645,77.21779971387623,Punjabi by Nature Quickie,28.630863493093397,77.21977972293753,243,North Indian Restaurant
453,28.629531580855645,77.21779971387623,Dilli Ke Pakwaan,28.630724987017643,77.21453696926407,345,Indian Restaurant
454,28.629531580855645,77.21779971387623,Caffe9,28.632799163931764,77.21655943164352,383,Indian Restaurant
455,28.629531580855645,77.21779971387623,Daniell's Tavern,28.625685790477238,77.2181313765103,429,Indian Restaurant
456,28.629531580855645,77.21779971387623,"Daniell's Tavern, The Imperial New Delhi",28.625634,77.218059,434,Indian Restaurant
457,28.629531580855645,77.21779971387623,Bikanervala,28.629787504386968,77.21315415988288,454,Indian Restaurant
458,28.629531580855645,77.21779971387623,The Great Kabab Factory,28.633825870064385,77.21708715832257,483,Indian Restaurant
459,28.629531580855645,77.21779971387623,Costa Coffee,28.629230141047284,77.21954572182467,173,Coffee Shop
460,28.629531580855645,77.21779971387623,Rodeo,28.633053640125105,77.21820875272645,394,Mexican Restaurant
461,28.629531580855645,77.21779971387623,The Park Hotel,28.628731170539613,77.21650745045316,154,Hotel
462,28.629531580855645,77.21779971387623,Shiv Sagar,28.627150474146667,77.21952761586795,314,North Indian Restaurant
463,28.629531580855645,77.21779971387623,Sandoz CP,28.632894,77.215702,426,North Indian Restaurant
464,28.629531580855645,77.21779971387623,Biryani Paradise,28.631388,77.216448,245,Hyderabadi Restaurant
465,28.629531580855645,77.21779971387623,Desi Vibes,28.630232540430917,77.2204162733749,267,Mughlai Restaurant
466,28.629531580855645,77.21779971387623,The Masala Trail,28.627385,77.219497,290,Multicuisine Indian Restaurant
467,28.62943102045622,77.22393349084845,Rajdhani Thali,28.62999946326596,77.2204011327264,350,Indian Restaurant
468,28.62943102045622,77.22393349084845,United Coffee House,28.63247672337289,77.2211199789975,436,Indian Restaurant
469,28.62943102045622,77.22393349084845,Anand Biryani House,28.62913638616433,77.22012996193826,373,Indian Restaurant
470,28.62943102045622,77.22393349084845,Parikrama - The Revolving Restaurant,28.62877338737562,77.22294850059579,120,Indian Restaurant
471,28.62943102045622,77.22393349084845,Legends of India,28.628701623340987,77.22595149143059,213,Indian Restaurant
472,28.62943102045622,77.22393349084845,Starbucks,28.630105705208507,77.22053962418308,340,Coffee Shop
473,28.62943102045622,77.22393349084845,The Imperial The Spice Route New Delhi,28.628424090412157,77.22026469681839,375,Indian Restaurant
474,28.62943102045622,77.22393349084845,Baluchi,28.631459016402417,77.2276324257146,426,Indian Restaurant
475,28.62943102045622,77.22393349084845,Punjabi by Nature Quickie,28.630863493093397,77.21977972293753,436,North Indian Restaurant
476,28.62943102045622,77.22393349084845,The Rolling Joint,28.633543196192036,77.22189273114216,499,Indian Restaurant
477,28.62943102045622,77.22393349084845,Garam Dharam,28.631842130012696,77.2227521244348,292,North Indian Restaurant
478,28.62943102045622,77.22393349084845,Costa Coffee,28.629230141047284,77.21954572182467,429,Coffee Shop
479,28.62943102045622,77.22393349084845,The GT Road,28.633217,77.22225,452,Restaurant
480,28.62943102045622,77.22393349084845,Shiv Sagar,28.627150474146667,77.21952761586795,499,North Indian Restaurant
481,28.62943102045622,77.22393349084845,Desi Vibes,28.630232540430917,77.2204162733749,355,Mughlai Restaurant
482,28.62943102045622,77.22393349084845,The Masala Trail,28.627385,77.219497,489,Multicuisine Indian Restaurant
483,28.629330182782464,77.23006723636365,Bengali Market | बंगाली मार्केट | বাংলা বাজার,28.62949840530067,77.23202048881043,191,Indian Restaurant
484,28.629330182782464,77.23006723636365,Bengali Sweet House,28.629489324307045,77.23203349372616,192,Indian Restaurant
485,28.629330182782464,77.23006723636365,Baluchi,28.631459016402417,77.2276324257146,335,Indian Restaurant
486,28.629330182782464,77.23006723636365,Legends of India,28.628701623340987,77.22595149143059,408,Indian Restaurant
487,28.629229067839603,77.23620095033533,Bengali Market | बंगाली मार्केट | বাংলা বাজার,28.62949840530067,77.23202048881043,409,Indian Restaurant
488,28.629229067839603,77.23620095033533,Bengali Sweet House,28.629489324307045,77.23203349372616,408,Indian Restaurant
489,28.629229067839603,77.23620095033533,Ashok Da Dhaba,28.632216775510543,77.23921587150573,444,Indian Restaurant
490,28.62912767563289,77.242334632677,Janta Bhojnalay,28.632494,77.241166,391,Indian Restaurant
491,28.62912767563289,77.242334632677,Ashok Da Dhaba,28.632216775510543,77.23921587150573,459,Indian Restaurant
492,28.62912767563289,77.242334632677,lal dhaba,28.63206289871748,77.23891276648193,467,Indian Restaurant
493,28.62912767563289,77.242334632677,Dosa (Street food),28.631014093988714,77.2393798828125,356,South Indian Restaurant
494,28.62912767563289,77.242334632677,Udupi Cafe,28.630797253449934,77.2412590035552,213,Udupi Restaurant
495,28.628719334273143,77.2668690440141,Sukhdev Dhaba,28.630663968440043,77.26658752891575,218,Indian Restaurant
496,28.628616555826493,77.2730025669086,shree manakamna fast food,28.630106,77.27323,167,Indian Restaurant
497,28.628616555826493,77.2730025669086,kavya,28.630331,77.275993,348,Indian Restaurant
498,28.628616555826493,77.2730025669086,Priyanshi South Indian,28.63016128540039,77.27765655517578,486,Indian Restaurant
499,28.628616555826493,77.2730025669086,Veggie Meal,28.63037,77.276152,364,Multicuisine Indian Restaurant
500,28.62851350014782,77.27913605765426,shree bhog pure veg restaurant,28.627424,77.279008,121,Indian Restaurant
501,28.62851350014782,77.27913605765426,Priyanshi South Indian,28.63016128540039,77.27765655517578,233,Indian Restaurant
502,28.62851350014782,77.27913605765426,Laxmi Vaishno Dhaba,28.626157111605693,77.27769264412582,297,Indian Restaurant
503,28.62851350014782,77.27913605765426,kavya,28.630331,77.275993,367,Indian Restaurant
504,28.62851350014782,77.27913605765426,prasadam,28.63262899498975,77.28035995963181,473,South Indian Restaurant
505,28.62851350014782,77.27913605765426,Veggie Meal,28.63037,77.276152,357,Multicuisine Indian Restaurant
506,28.634865349226303,77.17802621586523,Laziz Darbar,28.63762033841381,77.18170180540636,472,Indian Restaurant
507,28.634865349226303,77.17802621586523,London Street Kitchen,28.637368,77.182283,500,North Indian Restaurant
508,28.634766572118448,77.1841604673391,Kothi Mem,28.63670243,77.18309516,239,Indian Restaurant
509,28.634766572118448,77.1841604673391,Laziz Darbar,28.63762033841381,77.18170180540636,398,Indian Restaurant
510,28.634766572118448,77.1841604673391,London Street Kitchen,28.637368,77.182283,342,North Indian Restaurant
511,28.634667517648886,77.19029468791236,Gola sizzlers,28.633770127572962,77.18979948132089,110,Indian Restaurant
512,28.634468576645304,77.20256303601091,sandoz,28.63376306719124,77.20608300827409,352,Indian Restaurant
513,28.63436869012161,77.20869716336321,Sarvam Safari,28.63202765487053,77.20744735388764,287,Indian Restaurant
514,28.63436869012161,77.20869716336321,Chutney,28.631366836432466,77.20805372466756,340,Indian Restaurant
515,28.63436869012161,77.20869716336321,Kaleva,28.63329860331272,77.20848838202599,120,Snack Place
516,28.63436869012161,77.20869716336321,Hotel Metropolitan Delhi,28.63155782123568,77.20788695781451,322,Hotel
517,28.63436869012161,77.20869716336321,Bangla Sweet & Spice restaurant,28.633858,77.20947,94,Bengali Restaurant
518,28.6342685262569,77.21483125946881,HOTEL SARAVANA BHAVAN,28.632319466435003,77.21644531748599,268,South Indian Restaurant
519,28.6342685262569,77.21483125946881,Jain Chawal Wale,28.631763432849244,77.21591941953137,298,Indian Restaurant
520,28.6342685262569,77.21483125946881,Nizam's Kathi Kabab | निजा़म काठी कबाब,28.634857957123064,77.21946245007211,457,Indian Restaurant
521,28.6342685262569,77.21483125946881,Veda Restaurant,28.635210214696645,77.21807926655758,334,Indian Restaurant
522,28.6342685262569,77.21483125946881,Berco's,28.63240704948879,77.2173230839724,319,Chinese Restaurant
523,28.6342685262569,77.21483125946881,Starbucks,28.632010831148985,77.21773135560126,378,Coffee Shop
524,28.6342685262569,77.21483125946881,The Great Kabab Factory,28.633825870064385,77.21708715832257,225,Indian Restaurant
525,28.6342685262569,77.21483125946881,Caffe9,28.632799163931764,77.21655943164352,235,Indian Restaurant
526,28.6342685262569,77.21483125946881,G,28.63127367409223,77.21608784410734,355,Indian Restaurant
527,28.6342685262569,77.21483125946881,Dilli Ke Pakwaan,28.630724987017643,77.21453696926407,395,Indian Restaurant
528,28.6342685262569,77.21483125946881,Indian Coffee House,28.630755930400426,77.21605434631832,408,Café
529,28.6342685262569,77.21483125946881,Rodeo,28.633053640125105,77.21820875272645,356,Mexican Restaurant
530,28.6342685262569,77.21483125946881,Sandoz CP,28.632894,77.215702,175,North Indian Restaurant
531,28.6342685262569,77.21483125946881,Biryani Paradise,28.631388,77.216448,357,Hyderabadi Restaurant
532,28.6342685262569,77.21483125946881,The Darzi Bar & Kitchen,28.635185,77.219436,461,Multicuisine Indian Restaurant
533,28.634168085056373,77.22096532424122,Sagar Ratna,28.635487253836967,77.22064969494076,150,Indian Restaurant
534,28.634168085056373,77.22096532424122,Khan Chacha | खान चाचा | خان چاچا,28.634202294199614,77.22077980678422,18,Indian Restaurant
535,28.634168085056373,77.22096532424122,Nizam's Kathi Kabab | निजा़म काठी कबाब,28.634857957123064,77.21946245007211,165,Indian Restaurant
536,28.634168085056373,77.22096532424122,United Coffee House,28.63247672337289,77.2211199789975,188,Indian Restaurant
537,28.634168085056373,77.22096532424122,Panchayat Paan Parlour,28.634073264989183,77.22264498769991,164,Indian Restaurant
538,28.634168085056373,77.22096532424122,Haldiram's,28.63422999171808,77.22233494432798,133,Indian Restaurant
539,28.634168085056373,77.22096532424122,The Embassy,28.633590069941445,77.22122128391564,69,Indian Restaurant
540,28.634168085056373,77.22096532424122,Rajdhani Thali,28.62999946326596,77.2204011327264,467,Indian Restaurant
541,28.634168085056373,77.22096532424122,HOTEL SARAVANA BHAVAN,28.632319466435003,77.21644531748599,487,South Indian Restaurant
542,28.634168085056373,77.22096532424122,Veda Restaurant,28.635210214696645,77.21807926655758,304,Indian Restaurant
543,28.634168085056373,77.22096532424122,Minar,28.63475114674571,77.22197132533496,117,Indian Restaurant
544,28.634168085056373,77.22096532424122,Kake-Da-Hotel,28.634710714433357,77.22201573164016,119,Indian Restaurant
545,28.634168085056373,77.22096532424122,Berco's,28.63240704948879,77.2173230839724,406,Chinese Restaurant
546,28.634168085056373,77.22096532424122,Route 04,28.63488981038038,77.22022508672842,108,Bar
547,28.634168085056373,77.22096532424122,National Dhaba,28.634538492898784,77.22227447387459,134,Indian Restaurant
548,28.634168085056373,77.22096532424122,Zaffran,28.633840946500865,77.22147242444018,61,Indian Restaurant
549,28.634168085056373,77.22096532424122,Starbucks,28.632010831148985,77.21773135560126,396,Coffee Shop
550,28.634168085056373,77.22096532424122,Bonsai,28.633992163444947,77.21998751163483,97,Indian Restaurant
551,28.634168085056373,77.22096532424122,Shukla Odeon Paan Palace,28.634297,77.220958,14,Indian Restaurant
552,28.634168085056373,77.22096532424122,Yamu's Panchayat,28.634349,77.222649,165,Indian Restaurant
553,28.634168085056373,77.22096532424122,Delhi durbar,28.63470259989248,77.2221565828683,130,Indian Restaurant
554,28.634168085056373,77.22096532424122,The Rolling Joint,28.633543196192036,77.22189273114216,114,Indian Restaurant
555,28.634168085056373,77.22096532424122,Starbucks,28.630105705208507,77.22053962418308,454,Coffee Shop
556,28.634168085056373,77.22096532424122,The Great Kabab Factory,28.633825870064385,77.21708715832257,380,Indian Restaurant
557,28.634168085056373,77.22096532424122,Nirula's,28.635506399668113,77.2206047835112,153,Dessert Shop
558,28.634168085056373,77.22096532424122,Caffe9,28.632799163931764,77.21655943164352,456,Indian Restaurant
559,28.634168085056373,77.22096532424122,Punjabi by Nature Quickie,28.630863493093397,77.21977972293753,385,North Indian Restaurant
560,28.634168085056373,77.22096532424122,Garam Dharam,28.631842130012696,77.2227521244348,312,North Indian Restaurant
561,28.634168085056373,77.22096532424122,The GT Road,28.633217,77.22225,164,Restaurant
562,28.634168085056373,77.22096532424122,"Hotel Palace Heights, Delhi, India",28.63386249197334,77.22144923435992,58,Hotel
563,28.634168085056373,77.22096532424122,Rodeo,28.633053640125105,77.21820875272645,296,Mexican Restaurant
564,28.634168085056373,77.22096532424122,The Darzi Bar & Kitchen,28.635185,77.219436,187,Multicuisine Indian Restaurant
565,28.634168085056373,77.22096532424122,Desi Vibes,28.630232540430917,77.2204162733749,441,Mughlai Restaurant
566,28.63406736652525,77.22709935759393,Panchayat Paan Parlour,28.634073264989183,77.22264498769991,435,Indian Restaurant
567,28.63406736652525,77.22709935759393,Haldiram's,28.63422999171808,77.22233494432798,465,Indian Restaurant
568,28.63406736652525,77.22709935759393,Baluchi,28.631459016402417,77.2276324257146,294,Indian Restaurant
569,28.63406736652525,77.22709935759393,National Dhaba,28.634538492898784,77.22227447387459,474,Indian Restaurant
570,28.63406736652525,77.22709935759393,Yamu's Panchayat,28.634349,77.222649,435,Indian Restaurant
571,28.63406736652525,77.22709935759393,Delhi durbar,28.63470259989248,77.2221565828683,488,Indian Restaurant
572,28.63406736652525,77.22709935759393,Garam Dharam,28.631842130012696,77.2227521244348,491,North Indian Restaurant
573,28.63406736652525,77.22709935759393,The GT Road,28.633217,77.22225,483,Restaurant
574,28.633966370668773,77.23323335944043,Ilyas mast butter Chicken,28.636597391849616,77.23149206344146,338,Indian Restaurant
575,28.633966370668773,77.23323335944043,Sachdevas,28.636770049282873,77.23035156726837,420,Indian Chinese Restaurant
576,28.633865097492173,77.23936732969422,Ashok Da Dhaba,28.632216775510543,77.23921587150573,184,Indian Restaurant
577,28.633865097492173,77.23936732969422,lal dhaba,28.63206289871748,77.23891276648193,205,Indian Restaurant
578,28.633865097492173,77.23936732969422,Janta Bhojnalay,28.632494,77.241166,232,Indian Restaurant
579,28.633865097492173,77.23936732969422,Dosa (Street food),28.631014093988714,77.2393798828125,317,South Indian Restaurant
580,28.633865097492173,77.23936732969422,Udupi Cafe,28.630797253449934,77.2412590035552,388,Udupi Restaurant
581,28.633865097492173,77.23936732969422,Rustom's Parsi Bhonu,28.638018,77.240364,472,Parsi Restaurant
582,28.63376354700073,77.2455012682688,Janta Bhojnalay,28.632494,77.241166,446,Indian Restaurant
583,28.6334572316901,77.26390289305232,Sukhdev Dhaba,28.630663968440043,77.26658752891575,406,Indian Restaurant
584,28.633354571992154,77.27003670404511,Sukhdev Dhaba,28.630663968440043,77.26658752891575,450,Indian Restaurant
585,28.633354571992154,77.27003670404511,shree manakamna fast food,28.630106,77.27323,477,Indian Restaurant
586,28.633251635005877,77.27617048292623,kavya,28.630331,77.275993,325,Indian Restaurant
587,28.633251635005877,77.27617048292623,Priyanshi South Indian,28.63016128540039,77.27765655517578,373,Indian Restaurant
588,28.633251635005877,77.27617048292623,shree manakamna fast food,28.630106,77.27323,452,Indian Restaurant
589,28.633251635005877,77.27617048292623,Shubham Eating Corner,28.633052825927734,77.28113555908203,485,Indian Restaurant
590,28.633251635005877,77.27617048292623,prasadam,28.63262899498975,77.28035995963181,415,South Indian Restaurant
591,28.633251635005877,77.27617048292623,Veggie Meal,28.63037,77.276152,320,Multicuisine Indian Restaurant
592,28.633148420736617,77.28230422960922,Shubham Eating Corner,28.633052825927734,77.28113555908203,114,Indian Restaurant
593,28.633148420736617,77.28230422960922,The Yellow Chilli,28.63503294933155,77.28326444599732,229,Indian Restaurant
594,28.639601524460215,77.17505577867392,Moti Mahal Deluxe Delhi,28.63979825160996,77.17538388688892,38,Indian Restaurant
595,28.639601524460215,77.17505577867392,Paatra,28.642307235833535,77.17528279746146,302,Indian Restaurant
596,28.639601524460215,77.17505577867392,Naivedyam,28.643850959085704,77.17601850188557,482,Indian Restaurant
597,28.639502866941932,77.18119031777273,Laziz Darbar,28.63762033841381,77.18170180540636,215,Indian Restaurant
598,28.639502866941932,77.18119031777273,Kothi Mem,28.63670243,77.18309516,363,Indian Restaurant
599,28.639502866941932,77.18119031777273,Punjabi,28.641460418701172,77.18509674072266,439,Indian Restaurant
600,28.639502866941932,77.18119031777273,London Street Kitchen,28.637368,77.182283,260,North Indian Restaurant
601,28.639502866941932,77.18119031777273,Deccan Spice,28.640748,77.184751,374,Hyderabadi Restaurant
602,28.639403932005735,77.18732482600838,Punjabi Rasoi,28.641438733695917,77.18599218241359,261,Indian Restaurant
603,28.639403932005735,77.18732482600838,Friends Restaurant,28.64173961897958,77.18595848895752,292,Indian Restaurant
604,28.639403932005735,77.18732482600838,Punjabi,28.641460418701172,77.18509674072266,315,Indian Restaurant
605,28.639403932005735,77.18732482600838,Sagar Ratna (Old Rajendera Nagar),28.643154,77.186473,425,Indian Restaurant
606,28.639403932005735,77.18732482600838,Metro Mirchi,28.64327631542055,77.18662674071598,436,Indian Restaurant
607,28.639403932005735,77.18732482600838,Kakkar's pakoda stall,28.643890251119302,77.18725006459405,499,Indian Restaurant
608,28.639403932005735,77.18732482600838,Deccan Spice,28.640748,77.184751,292,Hyderabadi Restaurant
609,28.63910546274113,77.2057281646709,Malahotra Restaurant,28.641051838211972,77.21033320184107,499,Indian Restaurant
610,28.63910546274113,77.2057281646709,Café Festa,28.64101653509604,77.21030160576831,494,Indian Restaurant
611,28.63910546274113,77.2057281646709,Sagar Bar-Be-Que,28.640209902797658,77.21054654967385,486,Indian Restaurant
612,28.63910546274113,77.2057281646709,Leo's Restaurant,28.64038,77.210266,465,North Indian Restaurant
613,28.63900541818483,77.2118625485885,Tadka,28.640501116044682,77.21320775083299,212,Indian Restaurant
614,28.63900541818483,77.2118625485885,Malahotra Restaurant,28.641051838211972,77.21033320184107,272,Indian Restaurant
615,28.63900541818483,77.2118625485885,The exotic roof top Restaurant,28.641039172929673,77.2136341282525,284,Indian Restaurant
616,28.63900541818483,77.2118625485885,Café Festa,28.64101653509604,77.21030160576831,270,Indian Restaurant
617,28.63900541818483,77.2118625485885,Metropolis Restaurant,28.640752509715924,77.21054093526213,233,Indian Restaurant
618,28.63900541818483,77.2118625485885,Club India,28.640943635626297,77.21361674693902,275,Indian Restaurant
619,28.63900541818483,77.2118625485885,Café Nirvana,28.641333522569326,77.21468332222602,378,Café
620,28.63900541818483,77.2118625485885,Everest Rooftop,28.641147242996357,77.2134435505796,284,Café
621,28.63900541818483,77.2118625485885,Krishna rooftop cafe,28.641079863493733,77.21366067491157,290,Indian Chinese Restaurant
622,28.638905096236464,77.21799690121026,Sagar Ratna,28.635487253836967,77.22064969494076,460,Indian Restaurant
623,28.638905096236464,77.21799690121026,Nizam's Kathi Kabab | निजा़म काठी कबाब,28.634857957123064,77.21946245007211,472,Indian Restaurant
624,28.638905096236464,77.21799690121026,Tadka,28.640501116044682,77.21320775083299,500,Indian Restaurant
625,28.638905096236464,77.21799690121026,Veda Restaurant,28.635210214696645,77.21807926655758,411,Indian Restaurant
626,28.638905096236464,77.21799690121026,The exotic roof top Restaurant,28.641039172929673,77.2136341282525,487,Indian Restaurant
627,28.638905096236464,77.21799690121026,Route 04,28.63488981038038,77.22022508672842,497,Bar
628,28.638905096236464,77.21799690121026,Club India,28.640943635626297,77.21361674693902,484,Indian Restaurant
629,28.638905096236464,77.21799690121026,Nirula's,28.635506399668113,77.2206047835112,456,Dessert Shop
630,28.638905096236464,77.21799690121026,Café Nirvana,28.641333522569326,77.21468332222602,421,Café
631,28.638905096236464,77.21799690121026,Krishna rooftop cafe,28.641079863493733,77.21366067491157,487,Indian Chinese Restaurant
632,28.638905096236464,77.21799690121026,The Darzi Bar & Kitchen,28.635185,77.219436,437,Multicuisine Indian Restaurant
633,28.638804496901244,77.22413122244966,Minar,28.63475114674571,77.22197132533496,498,Indian Restaurant
634,28.638804496901244,77.22413122244966,Kake-Da-Hotel,28.634710714433357,77.22201573164016,500,Indian Restaurant
635,28.638804496901244,77.22413122244966,Delhi durbar,28.63470259989248,77.2221565828683,495,Indian Restaurant
636,28.6387036201844,77.23026551222017,Ilyas mast butter Chicken,28.636597391849616,77.23149206344146,263,Indian Restaurant
637,28.6387036201844,77.23026551222017,"Kake tha dhabba,",28.635522053641598,77.22696756311502,478,Indian Restaurant
638,28.6387036201844,77.23026551222017,Sachdevas,28.636770049282873,77.23035156726837,215,Indian Chinese Restaurant
639,28.63860246609118,77.23639977043528,Bhaja Govindam,28.641258001072153,77.23601077708814,298,Indian Restaurant
640,28.63860246609118,77.23639977043528,Chor Bizzaré,28.64105272103856,77.23899696240005,372,Indian Restaurant
641,28.63860246609118,77.23639977043528,Chor Bazaar,28.640957518053163,77.23795068350265,302,Indian Restaurant
642,28.63860246609118,77.23639977043528,Rustom's Parsi Bhonu,28.638018,77.240364,392,Parsi Restaurant
643,28.638501034626824,77.24253399700847,Chor Bizzaré,28.64105272103856,77.23899696240005,447,Indian Restaurant
644,28.638501034626824,77.24253399700847,suvidha,28.641741664451036,77.24057983446836,408,Indian Restaurant
645,28.638501034626824,77.24253399700847,Rustom's Parsi Bhonu,28.638018,77.240364,218,Parsi Restaurant
646,28.638399325796616,77.24866819185323,Sham -e- Awadh Cafeteria,28.638394,77.251178,245,Indian Restaurant
647,28.638297339605842,77.25480235488301,Sham -e- Awadh Cafeteria,28.638394,77.251178,354,Indian Restaurant
648,28.637886621343196,77.2793386871226,Raamu kachodi,28.637339202708404,77.27998199656663,87,Indian Restaurant
649,28.637886621343196,77.2793386871226,The Tandoori Village,28.63820181727629,77.2827987365431,339,Indian Restaurant
650,28.637886621343196,77.2793386871226,The Yellow Chilli,28.63503294933155,77.28326444599732,498,Indian Restaurant
651,28.637783248429333,77.28547268978008,yellow chillies by sanjeev kapoor,28.636656888585367,77.28605305306131,137,Indian Restaurant
652,28.637783248429333,77.28547268978008,Chutneez,28.636307,77.286643,200,Indian Restaurant
653,28.637783248429333,77.28547268978008,South Indian Cafe,28.636831650446172,77.28699005503094,182,Indian Restaurant
654,28.637783248429333,77.28547268978008,Kaleva - family restaurant,28.63881929417878,77.28753429824461,232,Indian Restaurant
655,28.637783248429333,77.28547268978008,The Yellow Chilli,28.63503294933155,77.28326444599732,374,Indian Restaurant
656,28.644239107986927,77.17821991140134,Mughal Mahal Bar And Restaurant,28.644154286162557,77.17660818534868,157,Indian Restaurant
657,28.644239107986927,77.17821991140134,Paatra,28.642307235833535,77.17528279746146,358,Indian Restaurant
658,28.644239107986927,77.17821991140134,Imly,28.644606717766923,77.17859062353016,54,Fast Food Restaurant
659,28.644239107986927,77.17821991140134,Naivedyam,28.643850959085704,77.17601850188557,219,Indian Restaurant
660,28.644239107986927,77.17821991140134,Alfa Spice,28.64448356959862,77.1787478693351,58,Multicuisine Indian Restaurant
661,28.644140292637363,77.18435470734846,R1 Lounge,28.645213899828562,77.18558549880981,169,Indian Restaurant
662,28.644140292637363,77.18435470734846,Saravana Bhavan,28.646649322992435,77.18775545992905,434,Indian Restaurant
663,28.644041199818798,77.19048947238332,Suruchi Restaurant,28.647168462765503,77.18869324334683,389,Indian Restaurant
664,28.644041199818798,77.19048947238332,Punjab Sweet Corner,28.64658697934928,77.18942718002204,301,Indian Restaurant
665,28.644041199818798,77.19048947238332,Karim's,28.6445691137323,77.19138782759582,105,Indian Restaurant
666,28.644041199818798,77.19048947238332,Crossroad Restaurant,28.644861024637994,77.18990617377794,107,Indian Restaurant
667,28.644041199818798,77.19048947238332,Angan,28.64803171153648,77.19285064348014,500,Indian Restaurant
668,28.644041199818798,77.19048947238332,Shudh,28.645449491934517,77.19045481125104,156,Indian Restaurant
669,28.644041199818798,77.19048947238332,Saravana Bhavan,28.646649322992435,77.18775545992905,394,Indian Restaurant
670,28.644041199818798,77.19048947238332,R1 Lounge,28.645213899828562,77.18558549880981,496,Indian Restaurant
671,28.644041199818798,77.19048947238332,Metro Heights,28.64619493283022,77.19339327966934,371,Hotel
672,28.643941829536377,77.19662420641936,Southern Hotel New Delhi,28.646261150637972,77.19517890771577,294,Hotel
673,28.643941829536377,77.19662420641936,Metro Heights,28.64619493283022,77.19339327966934,403,Hotel
674,28.64384218179527,77.20275890937,New Gupta Restaurant,28.642936,77.203106,106,Indian Restaurant
675,28.64384218179527,77.20275890937,New Gupta dhaba,28.646063,77.203224,251,Indian Restaurant
676,28.64374225660064,77.20889358114876,Malahotra Restaurant,28.641051838211972,77.21033320184107,330,Indian Restaurant
677,28.64374225660064,77.20889358114876,Café Festa,28.64101653509604,77.21030160576831,333,Indian Restaurant
678,28.64374225660064,77.20889358114876,Metropolis Restaurant,28.640752509715924,77.21054093526213,369,Indian Restaurant
679,28.643642053957713,77.21502822166904,Tadka,28.640501116044682,77.21320775083299,392,Indian Restaurant
680,28.643642053957713,77.21502822166904,The exotic roof top Restaurant,28.641039172929673,77.2136341282525,320,Indian Restaurant
681,28.643642053957713,77.21502822166904,The Indian Grill Restaurant,28.646140825017163,77.21513343500447,278,Restaurant
682,28.643642053957713,77.21502822166904,Kwality Hotel,28.645741357338135,77.21537484509369,236,Indian Restaurant
683,28.643642053957713,77.21502822166904,Al-Sameer Restaurant,28.645804284861462,77.21470675550181,242,Indian Restaurant
684,28.643642053957713,77.21502822166904,Club India,28.640943635626297,77.21361674693902,330,Indian Restaurant
685,28.643642053957713,77.21502822166904,Café Nirvana,28.641333522569326,77.21468332222602,259,Café
686,28.643642053957713,77.21502822166904,Everest Rooftop,28.641147242996357,77.2134435505796,317,Café
687,28.643642053957713,77.21502822166904,Krishna rooftop cafe,28.641079863493733,77.21366067491157,314,Indian Chinese Restaurant
688,28.64354157387166,77.22116283084432,The Host,28.64527898368657,77.2191138314359,278,Indian Restaurant
689,28.64354157387166,77.22116283084432,Chache Da Hotel,28.64268081822656,77.21841207875096,285,Indian Restaurant
690,28.64354157387166,77.22116283084432,Flavours,28.64577,77.21708,469,Indian Chinese Restaurant
691,28.64344081634772,77.22729740858806,Kamal Restaurant,28.643332115641723,77.22495786591341,228,Indian Restaurant
692,28.64344081634772,77.22729740858806,Rakesh Gupta,28.646824520087637,77.22910633736561,416,Indian Restaurant
693,28.64344081634772,77.22729740858806,parantha point,28.646999444440123,77.22559782906924,429,Indian Restaurant
694,28.64344081634772,77.22729740858806,Noor biryani,28.643988418930338,77.23201411000984,464,Indian Restaurant
695,28.64333978139113,77.2334319548137,Bhaja Govindam,28.641258001072153,77.23601077708814,342,Indian Restaurant
696,28.64333978139113,77.2334319548137,Pehelwaan Biryani wale,28.646579400966527,77.23440539057319,372,Indian Restaurant
697,28.64333978139113,77.2334319548137,shaberaati nahari,28.646799177273987,77.23459624186275,401,Indian Restaurant
698,28.64333978139113,77.2334319548137,Babu Bhai Kebab Wale,28.647114,77.233961,423,Indian Restaurant
699,28.643238469007137,77.2395664694347,Changezi Chicken,28.64375143292846,77.24048581691957,106,Indian Restaurant
700,28.643238469007137,77.2395664694347,Moti Mahal,28.646522533312474,77.24014482739257,369,Indian Restaurant
701,28.643238469007137,77.2395664694347,Bhaja Govindam,28.641258001072153,77.23601077708814,411,Indian Restaurant
702,28.643238469007137,77.2395664694347,Chor Bizzaré,28.64105272103856,77.23899696240005,249,Indian Restaurant
703,28.643238469007137,77.2395664694347,Chor Bazaar,28.640957518053163,77.23795068350265,298,Indian Restaurant
704,28.643136879200995,77.24570095236459,MGM Towers,28.646486842968173,77.24295410271348,459,North Indian Restaurant
705,28.64293286734344,77.25796982280477,Sardarji Malai Chaap Wale,28.642982709395678,77.26196897329235,390,Indian Restaurant
706,28.642830445302618,77.26410421014201,Sardarji Malai Chaap Wale,28.642982709395678,77.26196897329235,209,Indian Restaurant
707,28.642521514795888,77.28250717958416,The Tandoori Village,28.63820181727629,77.2827987365431,481,Indian Restaurant
708,28.64877762627009,77.18751938467894,Suruchi Restaurant,28.647168462765503,77.18869324334683,212,Indian Restaurant
709,28.64877762627009,77.18751938467894,Punjab Sweet Corner,28.64658697934928,77.18942718002204,306,Indian Restaurant
710,28.64877762627009,77.18751938467894,Saravana Bhavan,28.646649322992435,77.18775545992905,238,Indian Restaurant
711,28.64877762627009,77.18751938467894,R1 Lounge,28.645213899828562,77.18558549880981,439,Indian Restaurant
712,28.64877762627009,77.18751938467894,Crossroad Restaurant,28.644861024637994,77.18990617377794,494,Indian Restaurant
713,28.64877762627009,77.18751938467894,Shudh,28.645449491934517,77.19045481125104,468,Indian Restaurant
714,28.648678375515114,77.19365440655045,Punjab Sweet Corner,28.64658697934928,77.18942718002204,474,Indian Restaurant
715,28.648678375515114,77.19365440655045,Angan,28.64803171153648,77.19285064348014,106,Indian Restaurant
716,28.648678375515114,77.19365440655045,Roshan Di Kulfi | रोशन दी क़ुल्फ़ी,28.650427914139385,77.192390835694,230,Snack Place
717,28.648678375515114,77.19365440655045,PIND BALLUCHI,28.6511528279827,77.19776745909984,487,Indian Restaurant
718,28.648678375515114,77.19365440655045,Shudh,28.645449491934517,77.19045481125104,476,Indian Restaurant
719,28.648678375515114,77.19365440655045,Metro Heights,28.64619493283022,77.19339327966934,277,Hotel
720,28.64857884724522,77.199789397374,Oberoi's,28.649517640016164,77.19997975537966,106,Indian Restaurant
721,28.64857884724522,77.199789397374,PIND BALLUCHI,28.6511528279827,77.19776745909984,348,Indian Restaurant
722,28.64857884724522,77.199789397374,New Gupta dhaba,28.646063,77.203224,437,Indian Restaurant
723,28.64857884724522,77.199789397374,Adyar Ananda Bhavan,28.646482273114767,77.19564496343975,467,Indian Restaurant
724,28.648479041465556,77.20592435706305,New Gupta dhaba,28.646063,77.203224,376,Indian Restaurant
725,28.648479041465556,77.20592435706305,Dilli Sweet,28.64630614824329,77.20889028666194,377,Indian Sweet Shop
726,28.648378958181326,77.21205928553104,The Indian Grill Restaurant,28.646140825017163,77.21513343500447,390,Restaurant
727,28.648378958181326,77.21205928553104,Darbar,28.64548401234971,77.21224208982295,322,Indian Restaurant
728,28.648378958181326,77.21205928553104,Al-Sameer Restaurant,28.645804284861462,77.21470675550181,386,Indian Restaurant
729,28.648378958181326,77.21205928553104,Kwality Hotel,28.645741357338135,77.21537484509369,437,Indian Restaurant
730,28.64827859739771,77.21819418269138,The Indian Grill Restaurant,28.646140825017163,77.21513343500447,382,Restaurant
731,28.64827859739771,77.21819418269138,Gurdev Punjabi Restaurant,28.645714,77.216597,325,Indian Restaurant
732,28.64827859739771,77.21819418269138,The Host,28.64527898368657,77.2191138314359,345,Indian Restaurant
733,28.64827859739771,77.21819418269138,karims,28.64552176721624,77.2163910077394,353,Indian Restaurant
734,28.64827859739771,77.21819418269138,Kwality Hotel,28.645741357338135,77.21537484509369,394,Indian Restaurant
735,28.64827859739771,77.21819418269138,Al-Sameer Restaurant,28.645804284861462,77.21470675550181,438,Indian Restaurant
736,28.64827859739771,77.21819418269138,Spoons,28.64582030747098,77.21453271473627,450,Indian Restaurant
737,28.64827859739771,77.21819418269138,Flavours,28.64577,77.21708,299,Indian Chinese Restaurant
738,28.648177959119952,77.22432904845752,parantha point,28.646999444440123,77.22559782906924,180,Indian Restaurant
739,28.648177959119952,77.22432904845752,parantha point,28.6493459580567,77.22654092634559,252,Indian Restaurant
740,28.648177959119952,77.22432904845752,Bhagirath Doodh Bhandar,28.64858627319336,77.22714233398438,278,Indian Restaurant
741,28.648177959119952,77.22432904845752,Old Kheer Shop,28.6505209543672,77.22571010294952,293,Indian Restaurant
742,28.648177959119952,77.22432904845752,Rakesh Gupta,28.646824520087637,77.22910633736561,490,Indian Restaurant
743,28.648177959119952,77.22432904845752,Moinuddin Qureshi Beef Kebab,28.652521051251437,77.22337478425996,492,Indian Restaurant
744,28.648177959119952,77.22432904845752,Shakahari,28.649350470746004,77.22671494942456,267,North Indian Restaurant
745,28.648177959119952,77.22432904845752,Standard Sweets (Lyallpur Wale),28.649560614783088,77.22726508521286,325,Indian Sweet Shop
746,28.648077043353254,77.23046388274292,Karim's | करीम | کریم (Karim's),28.64949759295152,77.2336908547362,352,Indian Restaurant
747,28.648077043353254,77.23046388274292,Aslam Chicken Corner,28.648283325082538,77.23364759564103,311,Indian Restaurant
748,28.648077043353254,77.23046388274292,Al Jawahar | अल जवाहर | امام جواہر,28.649608846249652,77.23355530889293,346,Indian Restaurant
749,28.648077043353254,77.23046388274292,Jain Coffee House,28.650457,77.229576,278,Indian Restaurant
750,28.648077043353254,77.23046388274292,Chicken Plaza,28.64888,77.233676,326,Indian Restaurant
751,28.648077043353254,77.23046388274292,Kashmiri Restaurant,28.649925,77.233383,351,Indian Restaurant
752,28.648077043353254,77.23046388274292,Babu Bhai Kebab Wale,28.647114,77.233961,358,Indian Restaurant
753,28.648077043353254,77.23046388274292,Pehelwaan Biryani wale,28.646579400966527,77.23440539057319,419,Indian Restaurant
754,28.648077043353254,77.23046388274292,shaberaati nahari,28.646799177273987,77.23459624186275,428,Indian Restaurant
755,28.648077043353254,77.23046388274292,Lotan Ji,28.651275,77.231106,361,North Indian Restaurant
756,28.648077043353254,77.23046388274292,Rehmatullah Hotel,28.64903971384504,77.23354655594895,319,Mughlai Restaurant
757,28.648077043353254,77.23046388274292,Standard Sweets (Lyallpur Wale),28.649560614783088,77.22726508521286,353,Indian Sweet Shop
758,28.647975850102885,77.236598685461,Karim's | करीम | کریم (Karim's),28.64949759295152,77.2336908547362,330,Indian Restaurant
759,28.647975850102885,77.236598685461,Moti Mahal,28.646522533312474,77.24014482739257,382,Indian Restaurant
760,28.647975850102885,77.236598685461,Aslam Chicken Corner,28.648283325082538,77.23364759564103,290,Indian Restaurant
761,28.647975850102885,77.236598685461,Al Jawahar | अल जवाहर | امام جواہر,28.649608846249652,77.23355530889293,348,Indian Restaurant
762,28.647874379374084,77.24273345652526,Moti Mahal,28.646522533312474,77.24014482739257,294,Indian Restaurant
763,28.647874379374084,77.24273345652526,Tunda kabaabi,28.647873,77.2399,276,Indian Restaurant
764,28.647874379374084,77.24273345652526,MGM Towers,28.646486842968173,77.24295410271348,155,North Indian Restaurant
765,28.65341486779759,77.19068434985074,Om Baturawale,28.65407089920115,77.19029925042321,82,Indian Restaurant
766,28.65341486779759,77.19068434985074,Roshan Di Kulfi | रोशन दी क़ुल्फ़ी,28.650427914139385,77.192390835694,371,Snack Place
767,28.65341486779759,77.19068434985074,Om corner,28.65409021041357,77.18995671227675,103,Indian Restaurant
768,28.65341486779759,77.19068434985074,Khurana restaurant,28.64983080116513,77.19084394019254,399,Indian Restaurant
769,28.65341486779759,77.19068434985074,Florence Hotel,28.6522,77.191703,167,Hotel
770,28.653315459052177,77.19681962859634,Changhezi,28.65534550356458,77.20046500101152,421,Indian Restaurant
771,28.653315459052177,77.19681962859634,PIND BALLUCHI,28.6511528279827,77.19776745909984,257,Indian Restaurant
772,28.653315459052177,77.19681962859634,Oberoi Biryani,28.65001846446673,77.19424679077039,444,Indian Restaurant
773,28.65321577274076,77.20295487624486,Changhezi,28.65534550356458,77.20046500101152,339,Indian Restaurant
774,28.65321577274076,77.20295487624486,Prem dhaba,28.65503065442729,77.20064231323143,303,Asian Restaurant
775,28.65311580886851,77.2090900927097,Ashok & Ashok Meat Dhaba,28.65617797422649,77.21057462172848,370,Dhaba
776,28.652915048462308,77.22136043174206,ram prasad makhan lal,28.657325744628906,77.2208480834961,493,Indian Restaurant
777,28.652814251938786,77.22749555413642,Parawthe Wale,28.65603318700734,77.23050001546382,463,Indian Restaurant
778,28.652814251938786,77.22749555413642,Babu Ram Paranthe Wale,28.655820126621173,77.23044812679291,441,Indian Restaurant
779,28.652814251938786,77.22749555413642,Parathe Wali Gali | पराँठे वाली गली,28.65609952896119,77.2304785201278,467,Indian Restaurant
780,28.652814251938786,77.22749555413642,Pt. Kanhaiya Lal Durga Prashad Dixit Parawthe Wala,28.656108981032254,77.2304648037729,467,Indian Restaurant
781,28.652814251938786,77.22749555413642,Pt. Gaya Prasad Shiv Charan Paranthewale | पंडित गया प्रसाद शिव चरण परांठे वाले,28.656027192178698,77.23043753835134,458,Indian Restaurant
782,28.652814251938786,77.22749555413642,Ganga Bhojnayala,28.6561928700265,77.2304423499098,473,Indian Restaurant
783,28.65271317787531,77.23363064500082,Karim's | करीम | کریم (Karim's),28.64949759295152,77.2336908547362,358,Indian Restaurant
784,28.65271317787531,77.23363064500082,Al Jawahar | अल जवाहर | امام جواہر,28.649608846249652,77.23355530889293,345,Indian Restaurant
785,28.65271317787531,77.23363064500082,Aslam Chicken Corner,28.648283325082538,77.23364759564103,493,Indian Restaurant
786,28.65271317787531,77.23363064500082,Parawthe Wale,28.65603318700734,77.23050001546382,479,Indian Restaurant
787,28.65271317787531,77.23363064500082,Babu Ram Paranthe Wale,28.655820126621173,77.23044812679291,465,Indian Restaurant
788,28.65271317787531,77.23363064500082,Parathe Wali Gali | पराँठे वाली गली,28.65609952896119,77.2304785201278,486,Indian Restaurant
789,28.65271317787531,77.23363064500082,Pt. Kanhaiya Lal Durga Prashad Dixit Parawthe Wala,28.656108981032254,77.2304648037729,488,Indian Restaurant
790,28.65271317787531,77.23363064500082,Pt. Gaya Prasad Shiv Charan Paranthewale | पंडित गया प्रसाद शिव चरण परांठे वाले,28.656027192178698,77.23043753835134,483,Indian Restaurant
791,28.65271317787531,77.23363064500082,Old Famous Jalebi Waala,28.6560115814209,77.23360443115234,367,Indian Restaurant
792,28.65271317787531,77.23363064500082,Haldiram's,28.656288944079645,77.23170543090595,440,Snack Place
793,28.65271317787531,77.23363064500082,Ganga Bhojnayala,28.6561928700265,77.2304423499098,497,Indian Restaurant
794,28.652611826277106,77.23976570424868,Vineet's Restaurant,28.6544416013474,77.23521931304069,488,Indian Restaurant
795,28.652100905450332,77.27044052321021,Kebab Thelaz,28.655406,77.268013,437,Indian Restaurant
796,28.658052017177337,77.19384960295044,Punjab Sweets,28.659837902152347,77.19260153032535,233,Indian Restaurant
797,28.658052017177337,77.19384960295044,Rama dhaba,28.66043645746526,77.19230392104873,305,Indian Restaurant
798,28.658052017177337,77.19384960295044,Apna Dhaba,28.65599102880999,77.19165816250238,313,Indian Restaurant
799,28.658052017177337,77.19384960295044,Pishori & super,28.659641,77.189432,466,Indian Restaurant
800,28.658052017177337,77.19384960295044,Hunger Attack,28.655502,77.192276,322,Punjabi Restaurant
801,28.657952450387445,77.19998513860757,Changhezi,28.65534550356458,77.20046500101152,293,Indian Restaurant
802,28.657952450387445,77.19998513860757,Prem dhaba,28.65503065442729,77.20064231323143,331,Asian Restaurant
803,28.657852605980462,77.20612064311845,Kamal Sweets,28.659733,77.209043,353,Indian Restaurant
804,28.657852605980462,77.20612064311845,Ashok & Ashok Meat Dhaba,28.65617797422649,77.21057462172848,473,Dhaba
805,28.657752483961573,77.21225611639649,Hotel Tourist Deluxe,28.658069495427654,77.21451587206792,223,Indian Restaurant
806,28.657752483961573,77.21225611639649,Kamal Sweets,28.659733,77.209043,383,Indian Restaurant
807,28.657752483961573,77.21225611639649,Mahalxmi Sweets,28.658635949435414,77.21692996338794,467,Indian Restaurant
808,28.657752483961573,77.21225611639649,Ashok & Ashok Meat Dhaba,28.65617797422649,77.21057462172848,240,Dhaba
809,28.657652084335997,77.21839155835508,Kake Di Hatti | काके दी हट्टी,28.658049584701654,77.2233770564683,489,Indian Restaurant
810,28.657652084335997,77.21839155835508,ram prasad makhan lal,28.657325744628906,77.2208480834961,242,Indian Restaurant
811,28.657652084335997,77.21839155835508,Hotel Tourist Deluxe,28.658069495427654,77.21451587206792,381,Indian Restaurant
812,28.657551407108937,77.22452696890764,Kake Di Hatti | काके दी हट्टी,28.658049584701654,77.2233770564683,125,Indian Restaurant
813,28.657551407108937,77.22452696890764,Aanapurna,28.658510824644374,77.22353758441594,144,Indian Restaurant
814,28.657551407108937,77.22452696890764,Mahalaxmi mishtan,28.656639065361457,77.22457613185337,101,Indian Restaurant
815,28.657551407108937,77.22452696890764,Sandhi Sudha Oil,28.657302935701292,77.22740650177002,282,Indian Restaurant
816,28.657551407108937,77.22452696890764,ram prasad makhan lal,28.657325744628906,77.2208480834961,360,Indian Restaurant
817,28.657551407108937,77.22452696890764,Comesum,28.660668497816566,77.22781022853489,472,Restaurant
818,28.657450452285616,77.23066234796757,Parawthe Wale,28.65603318700734,77.23050001546382,158,Indian Restaurant
819,28.657450452285616,77.23066234796757,Babu Ram Paranthe Wale,28.655820126621173,77.23044812679291,182,Indian Restaurant
820,28.657450452285616,77.23066234796757,Parathe Wali Gali | पराँठे वाली गली,28.65609952896119,77.2304785201278,151,Indian Restaurant
821,28.657450452285616,77.23066234796757,Pt. Kanhaiya Lal Durga Prashad Dixit Parawthe Wala,28.656108981032254,77.2304648037729,150,Indian Restaurant
822,28.657450452285616,77.23066234796757,Pt. Gaya Prasad Shiv Charan Paranthewale | पंडित गया प्रसाद शिव चरण परांठे वाले,28.656027192178698,77.23043753835134,159,Indian Restaurant
823,28.657450452285616,77.23066234796757,Haldiram's,28.656288944079645,77.23170543090595,164,Snack Place
824,28.657450452285616,77.23066234796757,Ganga Bhojnayala,28.6561928700265,77.2304423499098,141,Indian Restaurant
825,28.657450452285616,77.23066234796757,Old Famous Jalebi Waala,28.6560115814209,77.23360443115234,329,Indian Restaurant
826,28.657450452285616,77.23066234796757,Comesum,28.660668497816566,77.22781022853489,453,Restaurant
827,28.657349219871307,77.23679769544829,Old Famous Jalebi Waala,28.6560115814209,77.23360443115234,345,Indian Restaurant
828,28.657349219871307,77.23679769544829,Vineet's Restaurant,28.6544416013474,77.23521931304069,358,Indian Restaurant
829,28.657349219871307,77.23679769544829,Hazari Lal Jain Khurchan Wale,28.654796600341797,77.23297119140625,469,Indian Sweet Shop
830,28.656941514409482,77.2613387678475,Tandoori Night,28.6591786,77.2640517,363,Indian Restaurant
831,28.65683889411937,77.26747395613351,Kebab Thelaz,28.655406,77.268013,167,Indian Restaurant
832,28.65683889411937,77.26747395613351,Tandoori Night,28.6591786,77.2640517,423,Indian Restaurant
833,28.662489346921795,77.2092866980814,Kamal Sweets,28.659733,77.209043,307,Indian Restaurant
834,28.662489346921795,77.2092866980814,Aaoji Khaoji,28.66538810967259,77.20955840910752,323,Indian Restaurant
835,28.66238906670223,77.21542242821003,Mahalxmi Sweets,28.658635949435414,77.21692996338794,442,Indian Restaurant
836,28.66238906670223,77.21542242821003,Hotel Tourist Deluxe,28.658069495427654,77.21451587206792,488,Indian Restaurant
837,28.662288508824908,77.22155812697,Md. Hussain Fried Chicken,28.658860256848513,77.22039381760102,398,Indian Restaurant
838,28.662288508824908,77.22155812697,Aanapurna,28.658510824644374,77.22353758441594,462,Indian Restaurant
839,28.662288508824908,77.22155812697,Silver Drink 1950,28.658241,77.223344,483,Indian Restaurant
840,28.662288508824908,77.22155812697,Haldiram | हल्दीराम,28.66191347073178,77.2207980208779,85,Multicuisine Indian Restaurant
841,28.662187673295044,77.22769379427471,Bittu Tikki Wala,28.66154,77.229294,172,Indian Restaurant
842,28.662187673295044,77.22769379427471,The Chowk (Bar and Indian Kitchen),28.6620081,77.2282366,56,Indian Restaurant
843,28.662187673295044,77.22769379427471,Comesum,28.660668497816566,77.22781022853489,169,Restaurant
844,28.662086560117896,77.23382943003755,Bittu Tikki Wala,28.66154,77.229294,447,Indian Restaurant
845,28.6671259955222,77.21245304122029,Aaoji Khaoji,28.66538810967259,77.20955840910752,342,Indian Restaurant
846,28.66682384697808,77.23086090792985,Hotel Samrat Jhansi,28.66973124925564,77.23316484966448,394,Indian Restaurant
